,Asylum_Country,Year,Total_Population,country,latitude,longitude
0,Afghanistan,2008,237170,AF,33.93911,67.709953
1,Afghanistan,2009,304404,AF,33.93911,67.709953
2,Afghanistan,2010,1199987,AF,33.93911,67.709953
3,Afghanistan,2011,1480677,AF,33.93911,67.709953
4,Afghanistan,2012,1400742,AF,33.93911,67.709953
5,Afghanistan,2013,945531,AF,33.93911,67.709953
6,Afghanistan,2014,1307176,AF,33.93911,67.709953
7,Afghanistan,2015,1705912,AF,33.93911,67.709953
8,Afghanistan,2016,1971671,AF,33.93911,67.709953
9,Afghanistan,2017,2454448,AF,33.93911,67.709953
10,Afghanistan,2018,2759006,AF,33.93911,67.709953
11,Albania,2008,93,AL,41.153332,20.168331
12,Albania,2009,91,AL,41.153332,20.168331
13,Albania,2010,99,AL,41.153332,20.168331
14,Albania,2011,106,AL,41.153332,20.168331
15,Albania,2012,7560,AL,41.153332,20.168331
16,Albania,2013,7767,AL,41.153332,20.168331
17,Albania,2014,8032,AL,41.153332,20.168331
18,Albania,2015,8377,AL,41.153332,20.168331
19,Albania,2016,7811,AL,41.153332,20.168331
20,Albania,2017,7321,AL,41.153332,20.168331
21,Albania,2018,4499,AL,41.153332,20.168331
22,Algeria,2008,94991,DZ,28.033886,1.659626
23,Algeria,2009,94290,DZ,28.033886,1.659626
24,Algeria,2010,94448,DZ,28.033886,1.659626
25,Algeria,2011,94964,DZ,28.033886,1.659626
26,Algeria,2012,95876,DZ,28.033886,1.659626
27,Algeria,2013,96894,DZ,28.033886,1.659626
28,Algeria,2014,101381,DZ,28.033886,1.659626
29,Algeria,2015,101634,DZ,28.033886,1.659626
30,Algeria,2016,100987,DZ,28.033886,1.659626
31,Algeria,2017,100595,DZ,28.033886,1.659626
32,Algeria,2018,103248,DZ,28.033886,1.659626
33,Angola,2008,15895,AO,-11.202692,17.873887
34,Angola,2009,33455,AO,-11.202692,17.873887
35,Angola,2010,19396,AO,-11.202692,17.873887
36,Angola,2011,19391,AO,-11.202692,17.873887
37,Angola,2012,43750,AO,-11.202692,17.873887
38,Angola,2013,43831,AO,-11.202692,17.873887
39,Angola,2014,45686,AO,-11.202692,17.873887
40,Angola,2015,45700,AO,-11.202692,17.873887
41,Angola,2016,45708,AO,-11.202692,17.873887
42,Angola,2017,71251,AO,-11.202692,17.873887
43,Angola,2018,69985,AO,-11.202692,17.873887
44,Anguilla,2015,1,AI,18.220554,-63.068615
45,Anguilla,2016,1,AI,18.220554,-63.068615
46,Anguilla,2017,0,AI,18.220554,-63.068615
47,Antigua and Barbuda,2010,0,AG,17.060816,-61.796428
48,Antigua and Barbuda,2013,1,AG,17.060816,-61.796428
49,Antigua and Barbuda,2014,0,AG,17.060816,-61.796428
50,Antigua and Barbuda,2015,15,AG,17.060816,-61.796428
51,Antigua and Barbuda,2016,4,AG,17.060816,-61.796428
52,Antigua and Barbuda,2017,0,AG,17.060816,-61.796428
53,Antigua and Barbuda,2018,0,AG,17.060816,-61.796428
54,Argentina,2008,3580,AR,-38.416097,-63.616672
55,Argentina,2009,3986,AR,-38.416097,-63.616672
56,Argentina,2010,4223,AR,-38.416097,-63.616672
57,Argentina,2011,4578,AR,-38.416097,-63.616672
58,Argentina,2012,5409,AR,-38.416097,-63.616672
59,Argentina,2013,4278,AR,-38.416097,-63.616672
60,Argentina,2014,4359,AR,-38.416097,-63.616672
61,Argentina,2015,4293,AR,-38.416097,-63.616672
62,Argentina,2016,7465,AR,-38.416097,-63.616672
63,Argentina,2017,64405,AR,-38.416097,-63.616672
64,Argentina,2018,137086,AR,-38.416097,-63.616672
65,Armenia,2008,4125,AM,40.069099,45.038189
66,Armenia,2009,85877,AM,40.069099,45.038189
67,Armenia,2010,85844,AM,40.069099,45.038189
68,Armenia,2011,85892,AM,40.069099,45.038189
69,Armenia,2012,8772,AM,40.069099,45.038189
70,Armenia,2013,13990,AM,40.069099,45.038189
71,Armenia,2014,17917,AM,40.069099,45.038189
72,Armenia,2015,19696,AM,40.069099,45.038189
73,Armenia,2016,18480,AM,40.069099,45.038189
74,Armenia,2017,18803,AM,40.069099,45.038189
75,Armenia,2018,18917,AM,40.069099,45.038189
76,Aruba,2010,1,AW,12.52111,-69.968338
77,Aruba,2011,4,AW,12.52111,-69.968338
78,Aruba,2012,6,AW,12.52111,-69.968338
79,Aruba,2013,7,AW,12.52111,-69.968338
80,Aruba,2014,5,AW,12.52111,-69.968338
81,Aruba,2015,2,AW,12.52111,-69.968338
82,Aruba,2016,5,AW,12.52111,-69.968338
83,Aruba,2017,17,AW,12.52111,-69.968338
84,Aruba,2018,16009,AW,12.52111,-69.968338
85,Australia,2008,23089,AU,-25.274398,133.775136
86,Australia,2009,24904,AU,-25.274398,133.775136
87,Australia,2010,25580,AU,-25.274398,133.775136
88,Australia,2011,29361,AU,-25.274398,133.775136
89,Australia,2012,41797,AU,-25.274398,133.775136
90,Australia,2013,48408,AU,-25.274398,133.775136
91,Australia,2014,57101,AU,-25.274398,133.775136
92,Australia,2015,57594,AU,-25.274398,133.775136
93,Australia,2016,71778,AU,-25.274398,133.775136
94,Australia,2017,96461,AU,-25.274398,133.775136
95,Australia,2018,117633,AU,-25.274398,133.775136
96,Austria,2008,75013,AT,47.516231,14.550072
97,Austria,2009,72557,AT,47.516231,14.550072
98,Austria,2010,68725,AT,47.516231,14.550072
99,Austria,2011,72046,AT,47.516231,14.550072
100,Austria,2012,74712,AT,47.516231,14.550072
101,Austria,2013,78956,AT,47.516231,14.550072
102,Austria,2014,92583,AT,47.516231,14.550072
103,Austria,2015,153263,AT,47.516231,14.550072
104,Austria,2016,170596,AT,47.516231,14.550072
105,Austria,2017,172523,AT,47.516231,14.550072
106,Austria,2018,167129,AT,47.516231,14.550072
107,Azerbaijan,2008,607934,AZ,40.143105,47.576927
108,Azerbaijan,2009,590298,AZ,40.143105,47.576927
109,Azerbaijan,2010,596877,AZ,40.143105,47.576927
110,Azerbaijan,2011,602734,AZ,40.143105,47.576927
111,Azerbaijan,2012,605526,AZ,40.143105,47.576927
112,Azerbaijan,2013,614290,AZ,40.143105,47.576927
113,Azerbaijan,2014,628190,AZ,40.143105,47.576927
114,Azerbaijan,2015,623373,AZ,40.143105,47.576927
115,Azerbaijan,2016,618321,AZ,40.143105,47.576927
116,Azerbaijan,2017,617602,AZ,40.143105,47.576927
117,Azerbaijan,2018,625332,AZ,40.143105,47.576927
118,Bahamas,2010,37,BS,25.03428,-77.39628
119,Bahamas,2011,42,BS,25.03428,-77.39628
120,Bahamas,2012,52,BS,25.03428,-77.39628
121,Bahamas,2013,27,BS,25.03428,-77.39628
122,Bahamas,2014,105,BS,25.03428,-77.39628
123,Bahamas,2015,115,BS,25.03428,-77.39628
124,Bahamas,2016,31,BS,25.03428,-77.39628
125,Bahamas,2017,22,BS,25.03428,-77.39628
126,Bahamas,2018,28,BS,25.03428,-77.39628
127,Bahrain,2008,97,BH,25.930414,50.637772
128,Bahrain,2009,151,BH,25.930414,50.637772
129,Bahrain,2010,234,BH,25.930414,50.637772
130,Bahrain,2011,359,BH,25.930414,50.637772
131,Bahrain,2012,339,BH,25.930414,50.637772
132,Bahrain,2013,346,BH,25.930414,50.637772
133,Bahrain,2014,353,BH,25.930414,50.637772
134,Bahrain,2015,371,BH,25.930414,50.637772
135,Bahrain,2016,382,BH,25.930414,50.637772
136,Bahrain,2017,360,BH,25.930414,50.637772
137,Bahrain,2018,314,BH,25.930414,50.637772
138,Bangladesh,2008,28392,BD,23.684994,90.356331
139,Bangladesh,2009,228586,BD,23.684994,90.356331
140,Bangladesh,2010,229253,BD,23.684994,90.356331
141,Bangladesh,2011,229673,BD,23.684994,90.356331
142,Bangladesh,2012,230702,BD,23.684994,90.356331
143,Bangladesh,2013,231159,BD,23.684994,90.356331
144,Bangladesh,2014,232485,BD,23.684994,90.356331
145,Bangladesh,2015,231958,BD,23.684994,90.356331
146,Bangladesh,2016,276208,BD,23.684994,90.356331
147,Bangladesh,2017,932320,BD,23.684994,90.356331
148,Bangladesh,2018,906678,BD,23.684994,90.356331
149,Barbados,2012,1,BB,13.193887,-59.543198
150,Barbados,2013,1,BB,13.193887,-59.543198
151,Barbados,2014,1,BB,13.193887,-59.543198
152,Barbados,2016,2,BB,13.193887,-59.543198
153,Barbados,2017,0,BB,13.193887,-59.543198
154,Barbados,2018,0,BB,13.193887,-59.543198
155,Belarus,2008,10901,BY,53.709807,27.953389
156,Belarus,2009,8470,BY,53.709807,27.953389
157,Belarus,2010,8389,BY,53.709807,27.953389
158,Belarus,2011,8036,BY,53.709807,27.953389
159,Belarus,2012,7607,BY,53.709807,27.953389
160,Belarus,2013,7404,BY,53.709807,27.953389
161,Belarus,2014,7624,BY,53.709807,27.953389
162,Belarus,2015,7728,BY,53.709807,27.953389
163,Belarus,2016,8063,BY,53.709807,27.953389
164,Belarus,2017,8432,BY,53.709807,27.953389
165,Belarus,2018,8430,BY,53.709807,27.953389
166,Belgium,2008,31865,BE,50.503887,4.469936
167,Belgium,2009,34512,BE,50.503887,4.469936
168,Belgium,2010,36876,BE,50.503887,4.469936
169,Belgium,2011,42107,BE,50.503887,4.469936
170,Belgium,2012,41053,BE,50.503887,4.469936
171,Belgium,2013,39578,BE,50.503887,4.469936
172,Belgium,2014,41718,BE,50.503887,4.469936
173,Belgium,2015,77128,BE,50.503887,4.469936
174,Belgium,2016,68909,BE,50.503887,4.469936
175,Belgium,2017,68602,BE,50.503887,4.469936
176,Belgium,2018,69231,BE,50.503887,4.469936
177,Belize,2008,284,BZ,17.189877,-88.49765
178,Belize,2009,251,BZ,17.189877,-88.49765
179,Belize,2010,166,BZ,17.189877,-88.49765
180,Belize,2011,133,BZ,17.189877,-88.49765
181,Belize,2012,104,BZ,17.189877,-88.49765
182,Belize,2013,84,BZ,17.189877,-88.49765
183,Belize,2014,124,BZ,17.189877,-88.49765
184,Belize,2015,812,BZ,17.189877,-88.49765
185,Belize,2016,4140,BZ,17.189877,-88.49765
186,Belize,2017,5894,BZ,17.189877,-88.49765
187,Belize,2018,6107,BZ,17.189877,-88.49765
188,Benin,2008,7716,BJ,9.30769,2.315834
189,Benin,2009,7536,BJ,9.30769,2.315834
190,Benin,2010,7287,BJ,9.30769,2.315834
191,Benin,2011,7680,BJ,9.30769,2.315834
192,Benin,2012,5237,BJ,9.30769,2.315834
193,Benin,2013,542,BJ,9.30769,2.315834
194,Benin,2014,494,BJ,9.30769,2.315834
195,Benin,2015,714,BJ,9.30769,2.315834
196,Benin,2016,1038,BJ,9.30769,2.315834
197,Benin,2017,1316,BJ,9.30769,2.315834
198,Benin,2018,1467,BJ,9.30769,2.315834
199,Bolivia (Plurinational State of),2008,755,,16.2902,63.5887
200,Bolivia (Plurinational State of),2009,713,,16.2902,63.5887
201,Bolivia (Plurinational State of),2010,739,,16.2902,63.5887
202,Bolivia (Plurinational State of),2011,734,,16.2902,63.5887
203,Bolivia (Plurinational State of),2012,741,,16.2902,63.5887
204,Bolivia (Plurinational State of),2013,754,,16.2902,63.5887
205,Bolivia (Plurinational State of),2014,779,,16.2902,63.5887
206,Bolivia (Plurinational State of),2015,775,,16.2902,63.5887
207,Bolivia (Plurinational State of),2016,789,,16.2902,63.5887
208,Bolivia (Plurinational State of),2017,767,,16.2902,63.5887
209,Bolivia (Plurinational State of),2018,823,,16.2902,63.5887
210,Bonaire,2010,1,,12.2019,68.2624
211,Bosnia and Herzegovina,2008,193963,BA,43.915886,17.679076
212,Bosnia and Herzegovina,2009,182664,BA,43.915886,17.679076
213,Bosnia and Herzegovina,2010,178959,BA,43.915886,17.679076
214,Bosnia and Herzegovina,2011,177653,BA,43.915886,17.679076
215,Bosnia and Herzegovina,2012,177260,BA,43.915886,17.679076
216,Bosnia and Herzegovina,2013,163730,BA,43.915886,17.679076
217,Bosnia and Herzegovina,2014,144107,BA,43.915886,17.679076
218,Bosnia and Herzegovina,2015,157708,BA,43.915886,17.679076
219,Bosnia and Herzegovina,2016,156171,BA,43.915886,17.679076
220,Bosnia and Herzegovina,2017,152987,BA,43.915886,17.679076
221,Bosnia and Herzegovina,2018,152052,BA,43.915886,17.679076
222,Botswana,2008,3214,BW,-22.328474,24.684866
223,Botswana,2009,3281,BW,-22.328474,24.684866
224,Botswana,2010,3346,BW,-22.328474,24.684866
225,Botswana,2011,3648,BW,-22.328474,24.684866
226,Botswana,2012,3535,BW,-22.328474,24.684866
227,Botswana,2013,3454,BW,-22.328474,24.684866
228,Botswana,2014,2916,BW,-22.328474,24.684866
229,Botswana,2015,2317,BW,-22.328474,24.684866
230,Botswana,2016,2842,BW,-22.328474,24.684866
231,Botswana,2017,2474,BW,-22.328474,24.684866
232,Botswana,2018,2306,BW,-22.328474,24.684866
233,Brazil,2008,4382,BR,-14.235004,-51.92528
234,Brazil,2009,4515,BR,-14.235004,-51.92528
235,Brazil,2010,5237,BR,-14.235004,-51.92528
236,Brazil,2011,9153,BR,-14.235004,-51.92528
237,Brazil,2012,11711,BR,-14.235004,-51.92528
238,Brazil,2013,22165,BR,-14.235004,-51.92528
239,Brazil,2014,47946,BR,-14.235004,-51.92528
240,Brazil,2015,35790,BR,-14.235004,-51.92528
241,Brazil,2016,68087,BR,-14.235004,-51.92528
242,Brazil,2017,148597,BR,-14.235004,-51.92528
243,Brazil,2018,203712,BR,-14.235004,-51.92528
244,British Virgin Islands,2009,6,VG,18.420695,-64.639968
245,British Virgin Islands,2010,2,VG,18.420695,-64.639968
246,British Virgin Islands,2011,2,VG,18.420695,-64.639968
247,British Virgin Islands,2012,2,VG,18.420695,-64.639968
248,British Virgin Islands,2013,3,VG,18.420695,-64.639968
249,British Virgin Islands,2014,0,VG,18.420695,-64.639968
250,British Virgin Islands,2017,0,VG,18.420695,-64.639968
251,British Virgin Islands,2018,0,VG,18.420695,-64.639968
252,Brunei Darussalam,2010,20992,,4.5353,114.7277
253,Brunei Darussalam,2011,20992,,4.5353,114.7277
254,Brunei Darussalam,2012,21009,,4.5353,114.7277
255,Brunei Darussalam,2013,20524,,4.5353,114.7277
256,Brunei Darussalam,2014,20524,,4.5353,114.7277
257,Brunei Darussalam,2015,20524,,4.5353,114.7277
258,Brunei Darussalam,2016,20524,,4.5353,114.7277
259,Brunei Darussalam,2017,20524,,4.5353,114.7277
260,Brunei Darussalam,2018,20863,,4.5353,114.7277
261,Bulgaria,2008,6208,BG,42.733883,25.48583
262,Bulgaria,2009,6589,BG,42.733883,25.48583
263,Bulgaria,2010,6942,BG,42.733883,25.48583
264,Bulgaria,2011,7072,BG,42.733883,25.48583
265,Bulgaria,2012,3558,BG,42.733883,25.48583
266,Bulgaria,2013,8880,BG,42.733883,25.48583
267,Bulgaria,2014,17895,BG,42.733883,25.48583
268,Bulgaria,2015,26134,BG,42.733883,25.48583
269,Bulgaria,2016,33923,BG,42.733883,25.48583
270,Bulgaria,2017,21918,BG,42.733883,25.48583
271,Bulgaria,2018,21547,BG,42.733883,25.48583
272,Burkina Faso,2008,1168,BF,12.238333,-1.561593
273,Burkina Faso,2009,1070,BF,12.238333,-1.561593
274,Burkina Faso,2010,1074,BF,12.238333,-1.561593
275,Burkina Faso,2011,1213,BF,12.238333,-1.561593
276,Burkina Faso,2012,40033,BF,12.238333,-1.561593
277,Burkina Faso,2013,33791,BF,12.238333,-1.561593
278,Burkina Faso,2014,39842,BF,12.238333,-1.561593
279,Burkina Faso,2015,35834,BF,12.238333,-1.561593
280,Burkina Faso,2016,36154,BF,12.238333,-1.561593
281,Burkina Faso,2017,26548,BF,12.238333,-1.561593
282,Burkina Faso,2018,72184,BF,12.238333,-1.561593
283,Burundi,2008,126503,BI,-3.373056,29.918886
284,Burundi,2009,131361,BI,-3.373056,29.918886
285,Burundi,2010,200765,BI,-3.373056,29.918886
286,Burundi,2011,126314,BI,-3.373056,29.918886
287,Burundi,2012,128765,BI,-3.373056,29.918886
288,Burundi,2013,132606,BI,-3.373056,29.918886
289,Burundi,2014,136846,BI,-3.373056,29.918886
290,Burundi,2015,84427,BI,-3.373056,29.918886
291,Burundi,2016,203951,BI,-3.373056,29.918886
292,Burundi,2017,195513,BI,-3.373056,29.918886
293,Burundi,2018,156367,BI,-3.373056,29.918886
294,Cabo Verde,2014,115,,16.5388,23.0418
295,Cabo Verde,2015,115,,16.5388,23.0418
296,Cabo Verde,2016,115,,16.5388,23.0418
297,Cabo Verde,2017,115,,16.5388,23.0418
298,Cabo Verde,2018,115,,16.5388,23.0418
299,Cambodia,2008,540,KH,12.565679,104.990963
300,Cambodia,2009,285,KH,12.565679,104.990963
301,Cambodia,2010,180,KH,12.565679,104.990963
302,Cambodia,2011,134,KH,12.565679,104.990963
303,Cambodia,2012,103,KH,12.565679,104.990963
304,Cambodia,2013,84,KH,12.565679,104.990963
305,Cambodia,2014,104,KH,12.565679,104.990963
306,Cambodia,2015,301,KH,12.565679,104.990963
307,Cambodia,2016,246,KH,12.565679,104.990963
308,Cambodia,2017,105,KH,12.565679,104.990963
309,Cambodia,2018,57444,KH,12.565679,104.990963
310,Cameroon,2008,87699,CM,7.369722,12.354722
311,Cameroon,2009,102326,CM,7.369722,12.354722
312,Cameroon,2010,106724,CM,7.369722,12.354722
313,Cameroon,2011,106274,CM,7.369722,12.354722
314,Cameroon,2012,104192,CM,7.369722,12.354722
315,Cameroon,2013,123492,CM,7.369722,12.354722
316,Cameroon,2014,275925,CM,7.369722,12.354722
317,Cameroon,2015,470903,CM,7.369722,12.354722
318,Cameroon,2016,601994,CM,7.369722,12.354722
319,Cameroon,2017,598552,CM,7.369722,12.354722
320,Cameroon,2018,1124594,CM,7.369722,12.354722
321,Canada,2008,227872,CA,56.130366,-106.346771
322,Canada,2009,230611,CA,56.130366,-106.346771
323,Canada,2010,216581,CA,56.130366,-106.346771
324,Canada,2011,207353,CA,56.130366,-106.346771
325,Canada,2012,196947,CA,56.130366,-106.346771
326,Canada,2013,182792,CA,56.130366,-106.346771
327,Canada,2014,165914,CA,56.130366,-106.346771
328,Canada,2015,155554,CA,56.130366,-106.346771
329,Canada,2016,121267,CA,56.130366,-106.346771
330,Canada,2017,160419,CA,56.130366,-106.346771
331,Canada,2018,196615,CA,56.130366,-106.346771
332,Cayman Islands,2009,5,KY,19.513469,-80.566956
333,Cayman Islands,2010,5,KY,19.513469,-80.566956
334,Cayman Islands,2011,4,KY,19.513469,-80.566956
335,Cayman Islands,2012,3,KY,19.513469,-80.566956
336,Cayman Islands,2013,11,KY,19.513469,-80.566956
337,Cayman Islands,2014,53,KY,19.513469,-80.566956
338,Cayman Islands,2015,16,KY,19.513469,-80.566956
339,Cayman Islands,2016,42,KY,19.513469,-80.566956
340,Cayman Islands,2017,50,KY,19.513469,-80.566956
341,Cayman Islands,2018,54,KY,19.513469,-80.566956
342,Central African Rep.,2008,205900,,6.6111,20.9394
343,Central African Rep.,2009,225281,,6.6111,20.9394
344,Central African Rep.,2010,215324,,6.6111,20.9394
345,Central African Rep.,2011,202570,,6.6111,20.9394
346,Central African Rep.,2012,104533,,6.6111,20.9394
347,Central African Rep.,2013,911706,,6.6111,20.9394
348,Central African Rep.,2014,1064786,,6.6111,20.9394
349,Central African Rep.,2015,483143,,6.6111,20.9394
350,Central African Rep.,2016,424212,,6.6111,20.9394
351,Central African Rep.,2017,866937,,6.6111,20.9394
352,Central African Rep.,2018,989441,,6.6111,20.9394
353,Chad,2008,556945,TD,15.454166,18.732207
354,Chad,2009,530828,TD,15.454166,18.732207
355,Chad,2010,533049,TD,15.454166,18.732207
356,Chad,2011,535023,TD,15.454166,18.732207
357,Chad,2012,518499,TD,15.454166,18.732207
358,Chad,2013,471516,TD,15.454166,18.732207
359,Chad,2014,517802,TD,15.454166,18.732207
360,Chad,2015,523658,TD,15.454166,18.732207
361,Chad,2016,604133,TD,15.454166,18.732207
362,Chad,2017,612181,TD,15.454166,18.732207
363,Chad,2018,663047,TD,15.454166,18.732207
364,Chile,2008,2503,CL,-35.675147,-71.542969
365,Chile,2009,2037,CL,-35.675147,-71.542969
366,Chile,2010,1895,CL,-35.675147,-71.542969
367,Chile,2011,2038,CL,-35.675147,-71.542969
368,Chile,2012,2048,CL,-35.675147,-71.542969
369,Chile,2013,2164,CL,-35.675147,-71.542969
370,Chile,2014,2346,CL,-35.675147,-71.542969
371,Chile,2015,2913,CL,-35.675147,-71.542969
372,Chile,2016,4960,CL,-35.675147,-71.542969
373,Chile,2017,96993,CL,-35.675147,-71.542969
374,Chile,2018,301100,CL,-35.675147,-71.542969
375,China,2008,301003,CN,35.86166,104.195397
376,China,2009,301037,CN,35.86166,104.195397
377,China,2010,301108,CN,35.86166,104.195397
378,China,2011,301049,CN,35.86166,104.195397
379,China,2012,301302,CN,35.86166,104.195397
380,China,2013,301427,CN,35.86166,104.195397
381,China,2014,301519,CN,35.86166,104.195397
382,China,2015,301730,CN,35.86166,104.195397
383,China,2016,317923,CN,35.86166,104.195397
384,China,2017,322416,CN,35.86166,104.195397
385,China,2018,322328,CN,35.86166,104.195397
386,"China, Hong Kong SAR",2008,1217,,22.3193,114.1694
387,"China, Hong Kong SAR",2009,877,,22.3193,114.1694
388,"China, Hong Kong SAR",2010,643,,22.3193,114.1694
389,"China, Hong Kong SAR",2011,751,,22.3193,114.1694
390,"China, Hong Kong SAR",2012,954,,22.3193,114.1694
391,"China, Hong Kong SAR",2013,2000,,22.3193,114.1694
392,"China, Hong Kong SAR",2014,2420,,22.3193,114.1694
393,"China, Hong Kong SAR",2015,2450,,22.3193,114.1694
394,"China, Hong Kong SAR",2016,110,,22.3193,114.1694
395,"China, Hong Kong SAR",2017,83,,22.3193,114.1694
396,"China, Hong Kong SAR",2018,118,,22.3193,114.1694
397,"China, Macao SAR",2009,12,,22.1987,113.5439
398,"China, Macao SAR",2010,10,,22.1987,113.5439
399,"China, Macao SAR",2011,11,,22.1987,113.5439
400,"China, Macao SAR",2012,6,,22.1987,113.5439
401,"China, Macao SAR",2013,6,,22.1987,113.5439
402,"China, Macao SAR",2014,6,,22.1987,113.5439
403,"China, Macao SAR",2015,7,,22.1987,113.5439
404,"China, Macao SAR",2016,5,,22.1987,113.5439
405,"China, Macao SAR",2017,0,,22.1987,113.5439
406,"China, Macao SAR",2018,0,,22.1987,113.5439
407,Colombia,2008,3000263,CO,4.570868,-74.297333
408,Colombia,2009,3304302,CO,4.570868,-74.297333
409,Colombia,2010,3672444,CO,4.570868,-74.297333
410,Colombia,2011,3888660,CO,4.570868,-74.297333
411,Colombia,2012,3943817,CO,4.570868,-74.297333
412,Colombia,2013,5368445,CO,4.570868,-74.297333
413,Colombia,2014,6044546,CO,4.570868,-74.297333
414,Colombia,2015,6939420,CO,4.570868,-74.297333
415,Colombia,2016,7411471,CO,4.570868,-74.297333
416,Colombia,2017,7747330,CO,4.570868,-74.297333
417,Colombia,2018,9015070,CO,4.570868,-74.297333
418,Congo,2008,41634,,4.0383,21.7587
419,Congo,2009,116459,,4.0383,21.7587
420,Congo,2010,138695,,4.0383,21.7587
421,Congo,2011,145395,,4.0383,21.7587
422,Congo,2012,149349,,4.0383,21.7587
423,Congo,2013,117680,,4.0383,21.7587
424,Congo,2014,69369,,4.0383,21.7587
425,Congo,2015,52427,,4.0383,21.7587
426,Congo,2016,71609,,4.0383,21.7587
427,Congo,2017,167289,,4.0383,21.7587
428,Congo,2018,197074,,4.0383,21.7587
429,Costa Rica,2008,18601,CR,9.748917,-83.753428
430,Costa Rica,2009,19703,CR,9.748917,-83.753428
431,Costa Rica,2010,19920,CR,9.748917,-83.753428
432,Costa Rica,2011,20517,CR,9.748917,-83.753428
433,Costa Rica,2012,21087,CR,9.748917,-83.753428
434,Costa Rica,2013,21186,CR,9.748917,-83.753428
435,Costa Rica,2014,23718,CR,9.748917,-83.753428
436,Costa Rica,2015,8705,CR,9.748917,-83.753428
437,Costa Rica,2016,7953,CR,9.748917,-83.753428
438,Costa Rica,2017,11962,CR,9.748917,-83.753428
439,Costa Rica,2018,37223,CR,9.748917,-83.753428
440,Croatia,2008,32833,HR,45.1,15.2
441,Croatia,2009,27664,HR,45.1,15.2
442,Croatia,2010,25480,HR,45.1,15.2
443,Croatia,2011,23944,HR,45.1,15.2
444,Croatia,2012,23998,HR,45.1,15.2
445,Croatia,2013,19875,HR,45.1,15.2
446,Croatia,2014,19593,HR,45.1,15.2
447,Croatia,2015,17538,HR,45.1,15.2
448,Croatia,2016,18252,HR,45.1,15.2
449,Croatia,2017,11817,HR,45.1,15.2
450,Croatia,2018,8233,HR,45.1,15.2
451,Cuba,2008,536,CU,21.521757,-77.781167
452,Cuba,2009,459,CU,21.521757,-77.781167
453,Cuba,2010,423,CU,21.521757,-77.781167
454,Cuba,2011,386,CU,21.521757,-77.781167
455,Cuba,2012,374,CU,21.521757,-77.781167
456,Cuba,2013,386,CU,21.521757,-77.781167
457,Cuba,2014,291,CU,21.521757,-77.781167
458,Cuba,2015,328,CU,21.521757,-77.781167
459,Cuba,2016,343,CU,21.521757,-77.781167
460,Cuba,2017,364,CU,21.521757,-77.781167
461,Cuba,2018,315,CU,21.521757,-77.781167
462,Curaao,2018,26127,,12.1696,68.99
463,Cura莽ao,2010,9,,12.1696,68.99
464,Cura莽ao,2011,12,,12.1696,68.99
465,Cura莽ao,2012,40,,12.1696,68.99
466,Cura莽ao,2013,61,,12.1696,68.99
467,Cura莽ao,2014,78,,12.1696,68.99
468,Cura莽ao,2015,78,,12.1696,68.99
469,Cura莽ao,2016,111,,12.1696,68.99
470,Cura莽ao,2017,803,,12.1696,68.99
471,Cyprus,2008,9479,CY,35.126413,33.429859
472,Cyprus,2009,7903,CY,35.126413,33.429859
473,Cyprus,2010,8790,CY,35.126413,33.429859
474,Cyprus,2011,6562,CY,35.126413,33.429859
475,Cyprus,2012,6267,CY,35.126413,33.429859
476,Cyprus,2013,6534,CY,35.126413,33.429859
477,Cyprus,2014,7603,CY,35.126413,33.429859
478,Cyprus,2015,15319,CY,35.126413,33.429859
479,Cyprus,2016,17572,CY,35.126413,33.429859
480,Cyprus,2017,21033,CY,35.126413,33.429859
481,Cyprus,2018,27267,CY,35.126413,33.429859
482,Czech Rep.,2008,3560,,49.8175,15.473
483,Czech Rep.,2009,3590,,49.8175,15.473
484,Czech Rep.,2010,3515,,49.8175,15.473
485,Czech Rep.,2011,3358,,49.8175,15.473
486,Czech Rep.,2012,4882,,49.8175,15.473
487,Czech Rep.,2013,4798,,49.8175,15.473
488,Czech Rep.,2014,5119,,49.8175,15.473
489,Czech Rep.,2015,5807,,49.8175,15.473
490,Czech Rep.,2016,5921,,49.8175,15.473
491,Czech Rep.,2017,5917,,49.8175,15.473
492,Czech Rep.,2018,5577,,49.8175,15.473
493,C么te d'Ivoire,2018,696920,,7.54,5.5471
494,C么te d'Ivoire,2008,734172,,7.54,5.5471
495,C么te d'Ivoire,2009,711209,,7.54,5.5471
496,C么te d'Ivoire,2010,564542,,7.54,5.5471
497,C么te d'Ivoire,2011,620481,,7.54,5.5471
498,C么te d'Ivoire,2012,863432,,7.54,5.5471
499,C么te d'Ivoire,2013,748768,,7.54,5.5471
500,C么te d'Ivoire,2014,726652,,7.54,5.5471
501,C么te d'Ivoire,2015,1011420,,7.54,5.5471
502,C么te d'Ivoire,2016,695806,,7.54,5.5471
503,C么te d'Ivoire,2017,702386,,7.54,5.5471
504,Dem. People's Rep. of Korea,2015,16,,40.3399,127.5101
505,Dem. Rep. of the Congo,2008,1636222,,4.0383,21.7587
506,Dem. Rep. of the Congo,2009,2332901,,4.0383,21.7587
507,Dem. Rep. of the Congo,2010,2363859,,4.0383,21.7587
508,Dem. Rep. of the Congo,2011,2699723,,4.0383,21.7587
509,Dem. Rep. of the Congo,2012,3139243,,4.0383,21.7587
510,Dem. Rep. of the Congo,2013,3753776,,4.0383,21.7587
511,Dem. Rep. of the Congo,2014,3610762,,4.0383,21.7587
512,Dem. Rep. of the Congo,2015,2701323,,4.0383,21.7587
513,Dem. Rep. of the Congo,2016,3327664,,4.0383,21.7587
514,Dem. Rep. of the Congo,2017,5144920,,4.0383,21.7587
515,Dem. Rep. of the Congo,2018,5058301,,4.0383,21.7587
516,Denmark,2008,27666,DK,56.26392,9.501785
517,Denmark,2009,25177,DK,56.26392,9.501785
518,Denmark,2010,24523,DK,56.26392,9.501785
519,Denmark,2011,18712,DK,56.26392,9.501785
520,Denmark,2012,17706,DK,56.26392,9.501785
521,Denmark,2013,19383,DK,56.26392,9.501785
522,Denmark,2014,26840,DK,56.26392,9.501785
523,Denmark,2015,36863,DK,56.26392,9.501785
524,Denmark,2016,47456,DK,56.26392,9.501785
525,Denmark,2017,47888,DK,56.26392,9.501785
526,Denmark,2018,47523,DK,56.26392,9.501785
527,Djibouti,2008,9661,DJ,11.825138,42.590275
528,Djibouti,2009,13032,DJ,11.825138,42.590275
529,Djibouti,2010,15843,DJ,11.825138,42.590275
530,Djibouti,2011,22248,DJ,11.825138,42.590275
531,Djibouti,2012,22234,DJ,11.825138,42.590275
532,Djibouti,2013,23856,DJ,11.825138,42.590275
533,Djibouti,2014,24362,DJ,11.825138,42.590275
534,Djibouti,2015,22006,DJ,11.825138,42.590275
535,Djibouti,2016,25930,DJ,11.825138,42.590275
536,Djibouti,2017,26993,DJ,11.825138,42.590275
537,Djibouti,2018,28757,DJ,11.825138,42.590275
538,Dominica,2010,0,DM,15.414999,-61.370976
539,Dominica,2011,0,DM,15.414999,-61.370976
540,Dominican Rep.,2010,2358,,18.7357,70.1627
541,Dominican Rep.,2011,2380,,18.7357,70.1627
542,Dominican Rep.,2012,1525,,18.7357,70.1627
543,Dominican Rep.,2013,211549,,18.7357,70.1627
544,Dominican Rep.,2014,211354,,18.7357,70.1627
545,Dominican Rep.,2015,135143,,18.7357,70.1627
546,Dominican Rep.,2016,1388,,18.7357,70.1627
547,Dominican Rep.,2017,1438,,18.7357,70.1627
548,Dominican Rep.,2018,26920,,18.7357,70.1627
549,Ecuador,2008,135317,EC,-1.831239,-78.183406
550,Ecuador,2009,167189,EC,-1.831239,-78.183406
551,Ecuador,2010,171136,EC,-1.831239,-78.183406
552,Ecuador,2011,145012,EC,-1.831239,-78.183406
553,Ecuador,2012,138397,EC,-1.831239,-78.183406
554,Ecuador,2013,134793,EC,-1.831239,-78.183406
555,Ecuador,2014,133749,EC,-1.831239,-78.183406
556,Ecuador,2015,133128,EC,-1.831239,-78.183406
557,Ecuador,2016,127436,EC,-1.831239,-78.183406
558,Ecuador,2017,145274,EC,-1.831239,-78.183406
559,Ecuador,2018,374791,EC,-1.831239,-78.183406
560,Egypt,2008,114782,EG,26.820553,30.802498
561,Egypt,2009,110395,EG,26.820553,30.802498
562,Egypt,2010,109929,EG,26.820553,30.802498
563,Egypt,2011,116004,EG,26.820553,30.802498
564,Egypt,2012,128672,EG,26.820553,30.802498
565,Egypt,2013,254142,EG,26.820553,30.802498
566,Egypt,2014,261888,EG,26.820553,30.802498
567,Egypt,2015,250780,EG,26.820553,30.802498
568,Egypt,2016,263434,EG,26.820553,30.802498
569,Egypt,2017,289199,EG,26.820553,30.802498
570,Egypt,2018,314898,EG,26.820553,30.802498
571,El Salvador,2008,32,SV,13.794185,-88.89653
572,El Salvador,2009,88,SV,13.794185,-88.89653
573,El Salvador,2010,56,SV,13.794185,-88.89653
574,El Salvador,2011,43,SV,13.794185,-88.89653
575,El Salvador,2012,45,SV,13.794185,-88.89653
576,El Salvador,2013,49,SV,13.794185,-88.89653
577,El Salvador,2014,36,SV,13.794185,-88.89653
578,El Salvador,2015,10149,SV,13.794185,-88.89653
579,El Salvador,2016,9846,SV,13.794185,-88.89653
580,El Salvador,2017,75738,SV,13.794185,-88.89653
581,El Salvador,2018,76256,SV,13.794185,-88.89653
582,Eritrea,2008,4993,ER,15.179384,39.782334
583,Eritrea,2009,4885,ER,15.179384,39.782334
584,Eritrea,2010,4959,ER,15.179384,39.782334
585,Eritrea,2011,4726,ER,15.179384,39.782334
586,Eritrea,2012,3679,ER,15.179384,39.782334
587,Eritrea,2013,3248,ER,15.179384,39.782334
588,Eritrea,2014,2932,ER,15.179384,39.782334
589,Eritrea,2015,2589,ER,15.179384,39.782334
590,Eritrea,2016,2366,ER,15.179384,39.782334
591,Eritrea,2017,2879,ER,15.179384,39.782334
592,Eritrea,2018,2570,ER,15.179384,39.782334
593,Estonia,2008,110344,EE,58.595272,25.013607
594,Estonia,2009,104856,EE,58.595272,25.013607
595,Estonia,2010,101032,EE,58.595272,25.013607
596,Estonia,2011,97808,EE,58.595272,25.013607
597,Estonia,2012,94305,EE,58.595272,25.013607
598,Estonia,2013,91376,EE,58.595272,25.013607
599,Estonia,2014,88261,EE,58.595272,25.013607
600,Estonia,2015,85555,EE,58.595272,25.013607
601,Estonia,2016,82950,EE,58.595272,25.013607
602,Estonia,2017,80745,EE,58.595272,25.013607
603,Estonia,2018,78206,EE,58.595272,25.013607
604,Ethiopia,2008,95619,ET,9.145,40.489673
605,Ethiopia,2009,125367,ET,9.145,40.489673
606,Ethiopia,2010,155370,ET,9.145,40.489673
607,Ethiopia,2011,290460,ET,9.145,40.489673
608,Ethiopia,2012,378732,ET,9.145,40.489673
609,Ethiopia,2013,440357,ET,9.145,40.489673
610,Ethiopia,2014,664774,ET,9.145,40.489673
611,Ethiopia,2015,739151,ET,9.145,40.489673
612,Ethiopia,2016,794132,ET,9.145,40.489673
613,Ethiopia,2017,1970960,ET,9.145,40.489673
614,Ethiopia,2018,3521621,ET,9.145,40.489673
615,Fiji,2008,6,FJ,-16.578193,179.414413
616,Fiji,2009,6,FJ,-16.578193,179.414413
617,Fiji,2010,7,FJ,-16.578193,179.414413
618,Fiji,2011,8,FJ,-16.578193,179.414413
619,Fiji,2012,13,FJ,-16.578193,179.414413
620,Fiji,2013,14,FJ,-16.578193,179.414413
621,Fiji,2014,24,FJ,-16.578193,179.414413
622,Fiji,2015,20,FJ,-16.578193,179.414413
623,Fiji,2016,14,FJ,-16.578193,179.414413
624,Fiji,2017,17,FJ,-16.578193,179.414413
625,Fiji,2018,13,FJ,-16.578193,179.414413
626,Finland,2008,10766,FI,61.92411,25.748151
627,Finland,2009,13651,FI,61.92411,25.748151
628,Finland,2010,13954,FI,61.92411,25.748151
629,Finland,2011,15209,FI,61.92411,25.748151
630,Finland,2012,13903,FI,61.92411,25.748151
631,Finland,2013,14906,FI,61.92411,25.748151
632,Finland,2014,15882,FI,61.92411,25.748151
633,Finland,2015,39516,FI,61.92411,25.748151
634,Finland,2016,26672,FI,61.92411,25.748151
635,Finland,2017,26641,FI,61.92411,25.748151
636,Finland,2018,28250,FI,61.92411,25.748151
637,France,2008,203830,FR,46.227638,2.213749
638,France,2009,238084,FR,46.227638,2.213749
639,France,2010,250434,FR,46.227638,2.213749
640,France,2011,260641,FR,46.227638,2.213749
641,France,2012,268966,FR,46.227638,2.213749
642,France,2013,285468,FR,46.227638,2.213749
643,France,2014,309519,FR,46.227638,2.213749
644,France,2015,337616,FR,46.227638,2.213749
645,France,2016,368687,FR,46.227638,2.213749
646,France,2017,401698,FR,46.227638,2.213749
647,France,2018,458866,FR,46.227638,2.213749
648,Gabon,2008,13317,GA,-0.803689,11.609444
649,Gabon,2009,13188,GA,-0.803689,11.609444
650,Gabon,2010,13231,GA,-0.803689,11.609444
651,Gabon,2011,13501,GA,-0.803689,11.609444
652,Gabon,2012,4421,GA,-0.803689,11.609444
653,Gabon,2013,4036,GA,-0.803689,11.609444
654,Gabon,2014,2907,GA,-0.803689,11.609444
655,Gabon,2015,2915,GA,-0.803689,11.609444
656,Gabon,2016,2840,GA,-0.803689,11.609444
657,Gabon,2017,829,GA,-0.803689,11.609444
658,Gabon,2018,758,GA,-0.803689,11.609444
659,Gambia,2008,15096,GM,13.443182,-15.310139
660,Gambia,2009,12523,GM,13.443182,-15.310139
661,Gambia,2010,8483,GM,13.443182,-15.310139
662,Gambia,2011,9558,GM,13.443182,-15.310139
663,Gambia,2012,10185,GM,13.443182,-15.310139
664,Gambia,2013,9807,GM,13.443182,-15.310139
665,Gambia,2014,11609,GM,13.443182,-15.310139
666,Gambia,2015,7854,GM,13.443182,-15.310139
667,Gambia,2016,7948,GM,13.443182,-15.310139
668,Gambia,2017,8077,GM,13.443182,-15.310139
669,Gambia,2018,4376,GM,13.443182,-15.310139
670,Georgia,2008,435264,GE,42.315407,43.356892
671,Georgia,2009,360501,GE,42.315407,43.356892
672,Georgia,2010,362230,GE,42.315407,43.356892
673,Georgia,2011,276088,GE,42.315407,43.356892
674,Georgia,2012,281870,GE,42.315407,43.356892
675,Georgia,2013,259574,GE,42.315407,43.356892
676,Georgia,2014,265588,GE,42.315407,43.356892
677,Georgia,2015,271755,GE,42.315407,43.356892
678,Georgia,2016,276782,GE,42.315407,43.356892
679,Georgia,2017,281295,GE,42.315407,43.356892
680,Georgia,2018,285593,GE,42.315407,43.356892
681,Germany,2008,648079,DE,51.165691,10.451526
682,Germany,2009,659659,DE,51.165691,10.451526
683,Germany,2010,670638,DE,51.165691,10.451526
684,Germany,2011,659820,DE,51.165691,10.451526
685,Germany,2012,682000,DE,51.165691,10.451526
686,Germany,2013,335562,DE,51.165691,10.451526
687,Germany,2014,455440,DE,51.165691,10.451526
688,Germany,2015,749487,DE,51.165691,10.451526
689,Germany,2016,1268845,DE,51.165691,10.451526
690,Germany,2017,1413089,DE,51.165691,10.451526
691,Germany,2018,1447850,DE,51.165691,10.451526
692,Ghana,2008,31802,GH,7.946527,-1.023194
693,Ghana,2009,15108,GH,7.946527,-1.023194
694,Ghana,2010,14761,GH,7.946527,-1.023194
695,Ghana,2011,26699,GH,7.946527,-1.023194
696,Ghana,2012,23488,GH,7.946527,-1.023194
697,Ghana,2013,20611,GH,7.946527,-1.023194
698,Ghana,2014,21126,GH,7.946527,-1.023194
699,Ghana,2015,19307,GH,7.946527,-1.023194
700,Ghana,2016,13297,GH,7.946527,-1.023194
701,Ghana,2017,13459,GH,7.946527,-1.023194
702,Ghana,2018,13200,GH,7.946527,-1.023194
703,Greece,2008,40539,GR,39.074208,21.824312
704,Greece,2009,50156,GR,39.074208,21.824312
705,Greece,2010,57428,GR,39.074208,21.824312
706,Greece,2011,45810,GR,39.074208,21.824312
707,Greece,2012,38527,GR,39.074208,21.824312
708,Greece,2013,73027,GR,39.074208,21.824312
709,Greece,2014,42879,GR,39.074208,21.824312
710,Greece,2015,51625,GR,39.074208,21.824312
711,Greece,2016,86611,GR,39.074208,21.824312
712,Greece,2017,83368,GR,39.074208,21.824312
713,Greece,2018,137696,GR,39.074208,21.824312
714,Grenada,2010,3,GD,12.262776,-61.604171
715,Grenada,2011,3,GD,12.262776,-61.604171
716,Grenada,2015,1,GD,12.262776,-61.604171
717,Grenada,2016,1,GD,12.262776,-61.604171
718,Grenada,2017,0,GD,12.262776,-61.604171
719,Grenada,2018,0,GD,12.262776,-61.604171
720,Guatemala,2008,135,GT,15.783471,-90.230759
721,Guatemala,2009,135,GT,15.783471,-90.230759
722,Guatemala,2010,140,GT,15.783471,-90.230759
723,Guatemala,2011,157,GT,15.783471,-90.230759
724,Guatemala,2012,162,GT,15.783471,-90.230759
725,Guatemala,2013,175,GT,15.783471,-90.230759
726,Guatemala,2014,277,GT,15.783471,-90.230759
727,Guatemala,2015,3851,GT,15.783471,-90.230759
728,Guatemala,2016,24202,GT,15.783471,-90.230759
729,Guatemala,2017,62589,GT,15.783471,-90.230759
730,Guatemala,2018,111231,GT,15.783471,-90.230759
731,Guinea,2008,22594,GN,9.945587,-9.696645
732,Guinea,2009,16405,GN,9.945587,-9.696645
733,Guinea,2010,14994,GN,9.945587,-9.696645
734,Guinea,2011,17273,GN,9.945587,-9.696645
735,Guinea,2012,16463,GN,9.945587,-9.696645
736,Guinea,2013,9272,GN,9.945587,-9.696645
737,Guinea,2014,9052,GN,9.945587,-9.696645
738,Guinea,2015,9037,GN,9.945587,-9.696645
739,Guinea,2016,5424,GN,9.945587,-9.696645
740,Guinea,2017,5269,GN,9.945587,-9.696645
741,Guinea,2018,5867,GN,9.945587,-9.696645
742,Guinea-Bissau,2008,8213,GW,11.803749,-15.180413
743,Guinea-Bissau,2009,8193,GW,11.803749,-15.180413
744,Guinea-Bissau,2010,8014,GW,11.803749,-15.180413
745,Guinea-Bissau,2011,7891,GW,11.803749,-15.180413
746,Guinea-Bissau,2012,7897,GW,11.803749,-15.180413
747,Guinea-Bissau,2013,8644,GW,11.803749,-15.180413
748,Guinea-Bissau,2014,8810,GW,11.803749,-15.180413
749,Guinea-Bissau,2015,8807,GW,11.803749,-15.180413
750,Guinea-Bissau,2016,9295,GW,11.803749,-15.180413
751,Guinea-Bissau,2017,11215,GW,11.803749,-15.180413
752,Guinea-Bissau,2018,4865,GW,11.803749,-15.180413
753,Guyana,2010,7,GY,4.860416,-58.93018
754,Guyana,2011,8,GY,4.860416,-58.93018
755,Guyana,2012,7,GY,4.860416,-58.93018
756,Guyana,2013,11,GY,4.860416,-58.93018
757,Guyana,2014,12,GY,4.860416,-58.93018
758,Guyana,2015,12,GY,4.860416,-58.93018
759,Guyana,2016,11,GY,4.860416,-58.93018
760,Guyana,2017,16,GY,4.860416,-58.93018
761,Guyana,2018,36428,GY,4.860416,-58.93018
762,Haiti,2008,3,HT,18.971187,-72.285215
763,Haiti,2009,15,HT,18.971187,-72.285215
764,Haiti,2010,4,HT,18.971187,-72.285215
765,Haiti,2011,6,HT,18.971187,-72.285215
766,Haiti,2012,12,HT,18.971187,-72.285215
767,Haiti,2013,13,HT,18.971187,-72.285215
768,Haiti,2014,5,HT,18.971187,-72.285215
769,Haiti,2015,991,HT,18.971187,-72.285215
770,Haiti,2016,2312,HT,18.971187,-72.285215
771,Haiti,2017,2302,HT,18.971187,-72.285215
772,Haiti,2018,2998,HT,18.971187,-72.285215
773,Honduras,2008,25,HN,15.199999,-86.241905
774,Honduras,2009,21,HN,15.199999,-86.241905
775,Honduras,2010,15,HN,15.199999,-86.241905
776,Honduras,2011,17,HN,15.199999,-86.241905
777,Honduras,2012,17,HN,15.199999,-86.241905
778,Honduras,2013,39,HN,15.199999,-86.241905
779,Honduras,2014,42,HN,15.199999,-86.241905
780,Honduras,2015,179144,HN,15.199999,-86.241905
781,Honduras,2016,178826,HN,15.199999,-86.241905
782,Honduras,2017,177234,HN,15.199999,-86.241905
783,Honduras,2018,179280,HN,15.199999,-86.241905
784,Hungary,2008,10532,HU,47.162494,19.503304
785,Hungary,2009,7006,HU,47.162494,19.503304
786,Hungary,2010,5843,HU,47.162494,19.503304
787,Hungary,2011,5555,HU,47.162494,19.503304
788,Hungary,2012,4551,HU,47.162494,19.503304
789,Hungary,2013,4439,HU,47.162494,19.503304
790,Hungary,2014,18675,HU,47.162494,19.503304
791,Hungary,2015,41218,HU,47.162494,19.503304
792,Hungary,2016,8296,HU,47.162494,19.503304
793,Hungary,2017,6469,HU,47.162494,19.503304
794,Hungary,2018,6257,HU,47.162494,19.503304
795,Iceland,2008,213,IS,64.963051,-19.020835
796,Iceland,2009,219,IS,64.963051,-19.020835
797,Iceland,2010,235,IS,64.963051,-19.020835
798,Iceland,2011,245,IS,64.963051,-19.020835
799,Iceland,2012,297,IS,64.963051,-19.020835
800,Iceland,2013,477,IS,64.963051,-19.020835
801,Iceland,2014,428,IS,64.963051,-19.020835
802,Iceland,2015,471,IS,64.963051,-19.020835
803,Iceland,2016,471,IS,64.963051,-19.020835
804,Iceland,2017,753,IS,64.963051,-19.020835
805,Iceland,2018,1046,IS,64.963051,-19.020835
806,India,2008,190070,IN,20.593684,78.96288
807,India,2009,192263,IN,20.593684,78.96288
808,India,2010,193676,IN,20.593684,78.96288
809,India,2011,191041,IN,20.593684,78.96288
810,India,2012,190771,IN,20.593684,78.96288
811,India,2013,193095,IN,20.593684,78.96288
812,India,2014,205720,IN,20.593684,78.96288
813,India,2015,208821,IN,20.593684,78.96288
814,India,2016,208257,IN,20.593684,78.96288
815,India,2017,207643,IN,20.593684,78.96288
816,India,2018,207808,IN,20.593684,78.96288
817,Indonesia,2008,753,ID,-0.789275,113.921327
818,Indonesia,2009,2582,ID,-0.789275,113.921327
819,Indonesia,2010,2894,ID,-0.789275,113.921327
820,Indonesia,2011,4245,ID,-0.789275,113.921327
821,Indonesia,2012,7949,ID,-0.789275,113.921327
822,Indonesia,2013,10316,ID,-0.789275,113.921327
823,Indonesia,2014,12146,ID,-0.789275,113.921327
824,Indonesia,2015,14180,ID,-0.789275,113.921327
825,Indonesia,2016,14440,ID,-0.789275,113.921327
826,Indonesia,2017,13816,ID,-0.789275,113.921327
827,Indonesia,2018,13979,ID,-0.789275,113.921327
828,Iran (Islamic Rep. of),2008,988962,,32.4279,53.688
829,Iran (Islamic Rep. of),2009,1083994,,32.4279,53.688
830,Iran (Islamic Rep. of),2010,1085309,,32.4279,53.688
831,Iran (Islamic Rep. of),2011,923779,,32.4279,53.688
832,Iran (Islamic Rep. of),2012,890149,,32.4279,53.688
833,Iran (Islamic Rep. of),2013,869683,,32.4279,53.688
834,Iran (Islamic Rep. of),2014,986862,,32.4279,53.688
835,Iran (Islamic Rep. of),2015,983631,,32.4279,53.688
836,Iran (Islamic Rep. of),2016,981952,,32.4279,53.688
837,Iran (Islamic Rep. of),2017,979525,,32.4279,53.688
838,Iran (Islamic Rep. of),2018,979476,,32.4279,53.688
839,Iraq,2008,3114803,IQ,33.223191,43.679291
840,Iraq,2009,1988787,IQ,33.223191,43.679291
841,Iraq,2010,1796331,IQ,33.223191,43.679291
842,Iraq,2011,1685377,IQ,33.223191,43.679291
843,Iraq,2012,1574349,IQ,33.223191,43.679291
844,Iraq,2013,1389687,IQ,33.223191,43.679291
845,Iraq,2014,4015955,IQ,33.223191,43.679291
846,Iraq,2015,4740388,IQ,33.223191,43.679291
847,Iraq,2016,5326009,IQ,33.223191,43.679291
848,Iraq,2017,4501770,IQ,33.223191,43.679291
849,Iraq,2018,3092406,IQ,33.223191,43.679291
850,Ireland,2008,14344,IE,53.41291,-8.24389
851,Ireland,2009,12329,IE,53.41291,-8.24389
852,Ireland,2010,14237,IE,53.41291,-8.24389
853,Ireland,2011,13687,IE,53.41291,-8.24389
854,Ireland,2012,11871,IE,53.41291,-8.24389
855,Ireland,2013,11581,IE,53.41291,-8.24389
856,Ireland,2014,10578,IE,53.41291,-8.24389
857,Ireland,2015,11280,IE,53.41291,-8.24389
858,Ireland,2016,10152,IE,53.41291,-8.24389
859,Ireland,2017,12513,IE,53.41291,-8.24389
860,Ireland,2018,13279,IE,53.41291,-8.24389
861,Israel,2008,14870,IL,31.046051,34.851612
862,Israel,2009,21880,IL,31.046051,34.851612
863,Israel,2010,31055,IL,31.046051,34.851612
864,Israel,2011,47805,IL,31.046051,34.851612
865,Israel,2012,54544,IL,31.046051,34.851612
866,Israel,2013,52975,IL,31.046051,34.851612
867,Israel,2014,45284,IL,31.046051,34.851612
868,Israel,2015,44665,IL,31.046051,34.851612
869,Israel,2016,44665,IL,31.046051,34.851612
870,Israel,2017,55402,IL,31.046051,34.851612
871,Israel,2018,54110,IL,31.046051,34.851612
872,Italy,2008,47795,IT,41.87194,12.56738
873,Italy,2009,60133,IT,41.87194,12.56738
874,Italy,2010,61331,IT,41.87194,12.56738
875,Italy,2011,72763,IT,41.87194,12.56738
876,Italy,2012,79654,IT,41.87194,12.56738
877,Italy,2013,90267,IT,41.87194,12.56738
878,Italy,2014,140629,IT,41.87194,12.56738
879,Italy,2015,179182,IT,41.87194,12.56738
880,Italy,2016,247992,IT,41.87194,12.56738
881,Italy,2017,354663,IT,41.87194,12.56738
882,Italy,2018,295539,IT,41.87194,12.56738
883,Jamaica,2009,33,JM,18.109581,-77.297508
884,Jamaica,2010,21,JM,18.109581,-77.297508
885,Jamaica,2011,20,JM,18.109581,-77.297508
886,Jamaica,2012,20,JM,18.109581,-77.297508
887,Jamaica,2013,22,JM,18.109581,-77.297508
888,Jamaica,2014,22,JM,18.109581,-77.297508
889,Jamaica,2015,17,JM,18.109581,-77.297508
890,Jamaica,2016,24,JM,18.109581,-77.297508
891,Jamaica,2017,21,JM,18.109581,-77.297508
892,Jamaica,2018,30,JM,18.109581,-77.297508
893,Japan,2008,5882,JP,36.204824,138.252924
894,Japan,2009,6792,JP,36.204824,138.252924
895,Japan,2010,7030,JP,36.204824,138.252924
896,Japan,2011,7581,JP,36.204824,138.252924
897,Japan,2012,8392,JP,36.204824,138.252924
898,Japan,2013,10178,JP,36.204824,138.252924
899,Japan,2014,12491,JP,36.204824,138.252924
900,Japan,2015,16913,JP,36.204824,138.252924
901,Japan,2016,21941,JP,36.204824,138.252924
902,Japan,2017,33980,JP,36.204824,138.252924
903,Japan,2018,31642,JP,36.204824,138.252924
904,Jordan,2008,502468,JO,30.585164,36.238414
905,Jordan,2009,453830,JO,30.585164,36.238414
906,Jordan,2010,453181,JO,30.585164,36.238414
907,Jordan,2011,460559,JO,30.585164,36.238414
908,Jordan,2012,308463,JO,30.585164,36.238414
909,Jordan,2013,648022,JO,30.585164,36.238414
910,Jordan,2014,673681,JO,30.585164,36.238414
911,Jordan,2015,689339,JO,30.585164,36.238414
912,Jordan,2016,720812,JO,30.585164,36.238414
913,Jordan,2017,734809,JO,30.585164,36.238414
914,Jordan,2018,769216,JO,30.585164,36.238414
915,Kazakhstan,2008,12080,KZ,48.019573,66.923684
916,Kazakhstan,2009,12122,KZ,48.019573,66.923684
917,Kazakhstan,2010,12689,KZ,48.019573,66.923684
918,Kazakhstan,2011,11713,KZ,48.019573,66.923684
919,Kazakhstan,2012,11273,KZ,48.019573,66.923684
920,Kazakhstan,2013,11279,KZ,48.019573,66.923684
921,Kazakhstan,2014,10088,KZ,48.019573,66.923684
922,Kazakhstan,2015,8719,KZ,48.019573,66.923684
923,Kazakhstan,2016,9244,KZ,48.019573,66.923684
924,Kazakhstan,2017,8946,KZ,48.019573,66.923684
925,Kazakhstan,2018,8448,KZ,48.019573,66.923684
926,Kenya,2008,1189249,KE,-0.023559,37.906193
927,Kenya,2009,882554,KE,-0.023559,37.906193
928,Kenya,2010,750954,KE,-0.023559,37.906193
929,Kenya,2011,921885,KE,-0.023559,37.906193
930,Kenya,2012,1038894,KE,-0.023559,37.906193
931,Kenya,2013,636056,KE,-0.023559,37.906193
932,Kenya,2014,606163,KE,-0.023559,37.906193
933,Kenya,2015,619728,KE,-0.023559,37.906193
934,Kenya,2016,548664,KE,-0.023559,37.906193
935,Kenya,2017,506896,KE,-0.023559,37.906193
936,Kenya,2018,490188,KE,-0.023559,37.906193
937,Kuwait,2008,132886,KW,29.31166,47.481766
938,Kuwait,2009,96206,KW,29.31166,47.481766
939,Kuwait,2010,96459,KW,29.31166,47.481766
940,Kuwait,2011,94453,KW,29.31166,47.481766
941,Kuwait,2012,94598,KW,29.31166,47.481766
942,Kuwait,2013,94780,KW,29.31166,47.481766
943,Kuwait,2014,94695,KW,29.31166,47.481766
944,Kuwait,2015,94670,KW,29.31166,47.481766
945,Kuwait,2016,94762,KW,29.31166,47.481766
946,Kuwait,2017,93562,KW,29.31166,47.481766
947,Kuwait,2018,93658,KW,29.31166,47.481766
948,Kyrgyzstan,2008,21101,KG,41.20438,74.766098
949,Kyrgyzstan,2009,25561,KG,41.20438,74.766098
950,Kyrgyzstan,2010,304176,KG,41.20438,74.766098
951,Kyrgyzstan,2011,210806,KG,41.20438,74.766098
952,Kyrgyzstan,2012,192768,KG,41.20438,74.766098
953,Kyrgyzstan,2013,12269,KG,41.20438,74.766098
954,Kyrgyzstan,2014,12822,KG,41.20438,74.766098
955,Kyrgyzstan,2015,9642,KG,41.20438,74.766098
956,Kyrgyzstan,2016,2793,KG,41.20438,74.766098
957,Kyrgyzstan,2017,1291,KG,41.20438,74.766098
958,Kyrgyzstan,2018,980,KG,41.20438,74.766098
960,Latvia,2008,365485,LV,56.879635,24.603189
961,Latvia,2009,344358,LV,56.879635,24.603189
962,Latvia,2010,327027,LV,56.879635,24.603189
963,Latvia,2011,312688,LV,56.879635,24.603189
964,Latvia,2012,281056,LV,56.879635,24.603189
965,Latvia,2013,268143,LV,56.879635,24.603189
966,Latvia,2014,263224,LV,56.879635,24.603189
967,Latvia,2015,252582,LV,56.879635,24.603189
968,Latvia,2016,243233,LV,56.879635,24.603189
969,Latvia,2017,234271,LV,56.879635,24.603189
970,Latvia,2018,225547,LV,56.879635,24.603189
971,Lebanon,2008,51058,LB,33.854721,35.862285
972,Lebanon,2009,51341,LB,33.854721,35.862285
973,Lebanon,2010,9520,LB,33.854721,35.862285
974,Lebanon,2011,16126,LB,33.854721,35.862285
975,Lebanon,2012,136447,LB,33.854721,35.862285
976,Lebanon,2013,862763,LB,33.854721,35.862285
977,Lebanon,2014,1167288,LB,33.854721,35.862285
978,Lebanon,2015,1088282,LB,33.854721,35.862285
979,Lebanon,2016,1031303,LB,33.854721,35.862285
980,Lebanon,2017,1018375,LB,33.854721,35.862285
981,Lebanon,2018,969593,LB,33.854721,35.862285
982,Lesotho,2011,37,LS,-29.609988,28.233608
983,Lesotho,2012,37,LS,-29.609988,28.233608
984,Lesotho,2013,31,LS,-29.609988,28.233608
985,Lesotho,2014,45,LS,-29.609988,28.233608
986,Lesotho,2015,35,LS,-29.609988,28.233608
987,Lesotho,2016,48,LS,-29.609988,28.233608
988,Lesotho,2017,84,LS,-29.609988,28.233608
989,Lesotho,2018,87,LS,-29.609988,28.233608
990,Liberia,2008,10265,LR,6.428055,-9.429499
991,Liberia,2009,9989,LR,6.428055,-9.429499
992,Liberia,2010,26626,LR,6.428055,-9.429499
993,Liberia,2011,265827,LR,6.428055,-9.429499
994,Liberia,2012,139550,LR,6.428055,-9.429499
995,Liberia,2013,73569,LR,6.428055,-9.429499
996,Liberia,2014,52332,LR,6.428055,-9.429499
997,Liberia,2015,50059,LR,6.428055,-9.429499
998,Liberia,2016,39570,LR,6.428055,-9.429499
999,Liberia,2017,11511,LR,6.428055,-9.429499
1000,Liberia,2018,9132,LR,6.428055,-9.429499
1001,Libya,2008,11596,LY,26.3351,17.228331
1002,Libya,2009,12412,LY,26.3351,17.228331
1003,Libya,2010,11154,LY,26.3351,17.228331
1004,Libya,2011,583545,LY,26.3351,17.228331
1005,Libya,2012,251112,LY,26.3351,17.228331
1006,Libya,2013,91443,LY,26.3351,17.228331
1007,Libya,2014,400179,LY,26.3351,17.228331
1008,Libya,2015,471825,LY,26.3351,17.228331
1009,Libya,2016,662906,LY,26.3351,17.228331
1010,Libya,2017,375817,LY,26.3351,17.228331
1011,Libya,2018,270356,LY,26.3351,17.228331
1012,Liechtenstein,2008,103,LI,47.166,9.555373
1013,Liechtenstein,2009,144,LI,47.166,9.555373
1014,Liechtenstein,2010,142,LI,47.166,9.555373
1015,Liechtenstein,2011,153,LI,47.166,9.555373
1016,Liechtenstein,2012,124,LI,47.166,9.555373
1017,Liechtenstein,2013,116,LI,47.166,9.555373
1018,Liechtenstein,2014,173,LI,47.166,9.555373
1019,Liechtenstein,2015,249,LI,47.166,9.555373
1020,Liechtenstein,2016,242,LI,47.166,9.555373
1021,Liechtenstein,2017,239,LI,47.166,9.555373
1022,Liechtenstein,2018,226,LI,47.166,9.555373
1023,Lithuania,2008,6751,LT,55.169438,23.881275
1024,Lithuania,2009,4765,LT,55.169438,23.881275
1025,Lithuania,2010,4553,LT,55.169438,23.881275
1026,Lithuania,2011,4379,LT,55.169438,23.881275
1027,Lithuania,2012,5077,LT,55.169438,23.881275
1028,Lithuania,2013,4882,LT,55.169438,23.881275
1029,Lithuania,2014,4794,LT,55.169438,23.881275
1030,Lithuania,2015,4641,LT,55.169438,23.881275
1031,Lithuania,2016,4641,LT,55.169438,23.881275
1032,Lithuania,2017,5009,LT,55.169438,23.881275
1033,Lithuania,2018,5026,LT,55.169438,23.881275
1034,Luxembourg,2008,3331,LU,49.815273,6.129583
1035,Luxembourg,2009,3913,LU,49.815273,6.129583
1036,Luxembourg,2010,4124,LU,49.815273,6.129583
1037,Luxembourg,2011,4728,LU,49.815273,6.129583
1038,Luxembourg,2012,4326,LU,49.815273,6.129583
1039,Luxembourg,2013,2116,LU,49.815273,6.129583
1040,Luxembourg,2014,2471,LU,49.815273,6.129583
1041,Luxembourg,2015,3809,LU,49.815273,6.129583
1042,Luxembourg,2016,4342,LU,49.815273,6.129583
1043,Luxembourg,2017,3599,LU,49.815273,6.129583
1044,Luxembourg,2018,3558,LU,49.815273,6.129583
1045,Madagascar,2010,1,MG,-18.766947,46.869107
1046,Madagascar,2011,11,MG,-18.766947,46.869107
1047,Madagascar,2012,11,MG,-18.766947,46.869107
1048,Madagascar,2013,14,MG,-18.766947,46.869107
1049,Madagascar,2014,21,MG,-18.766947,46.869107
1050,Madagascar,2015,22,MG,-18.766947,46.869107
1051,Madagascar,2016,55,MG,-18.766947,46.869107
1052,Madagascar,2017,98,MG,-18.766947,46.869107
1053,Madagascar,2018,126,MG,-18.766947,46.869107
1054,Malawi,2008,10816,MW,-13.254308,34.301525
1055,Malawi,2009,10256,MW,-13.254308,34.301525
1056,Malawi,2010,15233,MW,-13.254308,34.301525
1057,Malawi,2011,16919,MW,-13.254308,34.301525
1058,Malawi,2012,16748,MW,-13.254308,34.301525
1059,Malawi,2013,17005,MW,-13.254308,34.301525
1060,Malawi,2014,20446,MW,-13.254308,34.301525
1061,Malawi,2015,23489,MW,-13.254308,34.301525
1062,Malawi,2016,36186,MW,-13.254308,34.301525
1063,Malawi,2017,35318,MW,-13.254308,34.301525
1064,Malawi,2018,37226,MW,-13.254308,34.301525
1065,Malaysia,2008,147312,MY,4.210484,101.975766
1066,Malaysia,2009,177734,MY,4.210484,101.975766
1067,Malaysia,2010,212870,MY,4.210484,101.975766
1068,Malaysia,2011,217761,MY,4.210484,101.975766
1069,Malaysia,2012,222011,MY,4.210484,101.975766
1070,Malaysia,2013,260663,MY,4.210484,101.975766
1071,Malaysia,2014,270714,MY,4.210484,101.975766
1072,Malaysia,2015,246331,MY,4.210484,101.975766
1073,Malaysia,2016,239505,MY,4.210484,101.975766
1074,Malaysia,2017,241403,MY,4.210484,101.975766
1075,Malaysia,2018,252706,MY,4.210484,101.975766
1076,Maldives,2018,0,MV,3.202778,73.22068
1077,Mali,2008,11494,ML,17.570692,-3.996166
1078,Mali,2009,15268,ML,17.570692,-3.996166
1079,Mali,2010,15261,ML,17.570692,-3.996166
1080,Mali,2011,18121,ML,17.570692,-3.996166
1081,Mali,2012,242274,ML,17.570692,-3.996166
1082,Mali,2013,311700,ML,17.570692,-3.996166
1083,Mali,2014,270654,ML,17.570692,-3.996166
1084,Mali,2015,131728,ML,17.570692,-3.996166
1085,Mali,2016,90588,ML,17.570692,-3.996166
1086,Mali,2017,84077,ML,17.570692,-3.996166
1087,Mali,2018,154414,ML,17.570692,-3.996166
1088,Malta,2008,5562,MT,35.937496,14.375416
1089,Malta,2009,7783,MT,35.937496,14.375416
1090,Malta,2010,7431,MT,35.937496,14.375416
1091,Malta,2011,8409,MT,35.937496,14.375416
1092,Malta,2012,9015,MT,35.937496,14.375416
1093,Malta,2013,10808,MT,35.937496,14.375416
1094,Malta,2014,6273,MT,35.937496,14.375416
1095,Malta,2015,7670,MT,35.937496,14.375416
1096,Malta,2016,8850,MT,35.937496,14.375416
1097,Malta,2017,9341,MT,35.937496,14.375416
1098,Malta,2018,10400,MT,35.937496,14.375416
1099,Mauritania,2008,27119,MR,21.00789,-10.940835
1100,Mauritania,2009,26956,MR,21.00789,-10.940835
1101,Mauritania,2010,26967,MR,21.00789,-10.940835
1102,Mauritania,2011,26819,MR,21.00789,-10.940835
1103,Mauritania,2012,81308,MR,21.00789,-10.940835
1104,Mauritania,2013,97514,MR,21.00789,-10.940835
1105,Mauritania,2014,80606,MR,21.00789,-10.940835
1106,Mauritania,2015,78391,MR,21.00789,-10.940835
1107,Mauritania,2016,77564,MR,21.00789,-10.940835
1108,Mauritania,2017,78155,MR,21.00789,-10.940835
1109,Mauritania,2018,84292,MR,21.00789,-10.940835
1110,Mauritius,2016,5,MU,-20.348404,57.552152
1111,Mauritius,2017,0,MU,-20.348404,57.552152
1112,Mauritius,2018,11,MU,-20.348404,57.552152
1113,Mexico,2008,1073,MX,23.634501,-102.552784
1114,Mexico,2009,1331,MX,23.634501,-102.552784
1115,Mexico,2010,1573,MX,23.634501,-102.552784
1116,Mexico,2011,2313,MX,23.634501,-102.552784
1117,Mexico,2012,1884,MX,23.634501,-102.552784
1118,Mexico,2013,3196,MX,23.634501,-102.552784
1119,Mexico,2014,4722,MX,23.634501,-102.552784
1120,Mexico,2015,4286,MX,23.634501,-102.552784
1121,Mexico,2016,8862,MX,23.634501,-102.552784
1122,Mexico,2017,19347,MX,23.634501,-102.552784
1123,Mexico,2018,165440,MX,23.634501,-102.552784
1124,Micronesia (Federated States of),2008,1,,7.4256,150.5508
1125,Micronesia (Federated States of),2009,1,,7.4256,150.5508
1126,Micronesia (Federated States of),2015,14,,7.4256,150.5508
1127,Micronesia (Federated States of),2016,4,,7.4256,150.5508
1128,Monaco,2010,1,MC,43.750298,7.412841
1129,Monaco,2011,37,MC,43.750298,7.412841
1130,Monaco,2012,37,MC,43.750298,7.412841
1131,Monaco,2013,34,MC,43.750298,7.412841
1132,Monaco,2014,33,MC,43.750298,7.412841
1133,Monaco,2015,32,MC,43.750298,7.412841
1134,Monaco,2016,32,MC,43.750298,7.412841
1135,Monaco,2017,25,MC,43.750298,7.412841
1136,Monaco,2018,25,MC,43.750298,7.412841
1137,Mongolia,2008,369,MN,46.862496,103.846656
1138,Mongolia,2009,387,MN,46.862496,103.846656
1139,Mongolia,2010,273,MN,46.862496,103.846656
1140,Mongolia,2011,298,MN,46.862496,103.846656
1141,Mongolia,2012,233,MN,46.862496,103.846656
1142,Mongolia,2013,29,MN,46.862496,103.846656
1143,Mongolia,2014,31,MN,46.862496,103.846656
1144,Mongolia,2015,21,MN,46.862496,103.846656
1145,Mongolia,2016,27,MN,46.862496,103.846656
1146,Mongolia,2017,30,MN,46.862496,103.846656
1147,Mongolia,2018,27,MN,46.862496,103.846656
1148,Montenegro,2008,26341,ME,42.708678,19.37439
1149,Montenegro,2009,25738,ME,42.708678,19.37439
1150,Montenegro,2010,18255,ME,42.708678,19.37439
1151,Montenegro,2011,21248,ME,42.708678,19.37439
1152,Montenegro,2012,20224,ME,42.708678,19.37439
1153,Montenegro,2013,20200,ME,42.708678,19.37439
1154,Montenegro,2014,20981,ME,42.708678,19.37439
1155,Montenegro,2015,16033,ME,42.708678,19.37439
1156,Montenegro,2016,15862,ME,42.708678,19.37439
1157,Montenegro,2017,12813,ME,42.708678,19.37439
1158,Montenegro,2018,13313,ME,42.708678,19.37439
1159,Montserrat,2010,14,MS,16.742498,-62.187366
1160,Montserrat,2011,5,MS,16.742498,-62.187366
1161,Montserrat,2012,5,MS,16.742498,-62.187366
1162,Montserrat,2013,0,MS,16.742498,-62.187366
1163,Morocco,2008,1243,MA,31.791702,-7.09262
1164,Morocco,2009,1103,MA,31.791702,-7.09262
1165,Morocco,2010,1072,MA,31.791702,-7.09262
1166,Morocco,2011,1352,MA,31.791702,-7.09262
1167,Morocco,2012,2925,MA,31.791702,-7.09262
1168,Morocco,2013,5011,MA,31.791702,-7.09262
1169,Morocco,2014,3052,MA,31.791702,-7.09262
1170,Morocco,2015,5487,MA,31.791702,-7.09262
1171,Morocco,2016,6735,MA,31.791702,-7.09262
1172,Morocco,2017,6749,MA,31.791702,-7.09262
1173,Morocco,2018,7745,MA,31.791702,-7.09262
1174,Mozambique,2008,8176,MZ,-18.665695,35.529562
1175,Mozambique,2009,7739,MZ,-18.665695,35.529562
1176,Mozambique,2010,9992,MZ,-18.665695,35.529562
1177,Mozambique,2011,13686,MZ,-18.665695,35.529562
1178,Mozambique,2012,12606,MZ,-18.665695,35.529562
1179,Mozambique,2013,15119,MZ,-18.665695,35.529562
1180,Mozambique,2014,17861,MZ,-18.665695,35.529562
1181,Mozambique,2015,20447,MZ,-18.665695,35.529562
1182,Mozambique,2016,32786,MZ,-18.665695,35.529562
1183,Mozambique,2017,45022,MZ,-18.665695,35.529562
1184,Mozambique,2018,43721,MZ,-18.665695,35.529562
1185,Myanmar,2008,790861,,21.9162,95.956
1186,Myanmar,2009,790861,,21.9162,95.956
1187,Myanmar,2010,859403,,21.9162,95.956
1188,Myanmar,2011,1147275,,21.9162,95.956
1189,Myanmar,2012,1238475,,21.9162,95.956
1190,Myanmar,2013,1209383,,21.9162,95.956
1191,Myanmar,2014,1186500,,21.9162,95.956
1192,Myanmar,2015,1414356,,21.9162,95.956
1193,Myanmar,2016,1302301,,21.9162,95.956
1194,Myanmar,2017,849733,,21.9162,95.956
1195,Myanmar,2018,866718,,21.9162,95.956
1196,Namibia,2008,8138,,-22.95764,18.49041
1197,Namibia,2009,8665,,-22.95764,18.49041
1198,Namibia,2010,8768,,-22.95764,18.49041
1199,Namibia,2011,7033,,-22.95764,18.49041
1200,Namibia,2012,5708,,-22.95764,18.49041
1201,Namibia,2013,5194,,-22.95764,18.49041
1202,Namibia,2014,4251,,-22.95764,18.49041
1203,Namibia,2015,4558,,-22.95764,18.49041
1204,Namibia,2016,3482,,-22.95764,18.49041
1205,Namibia,2017,4100,,-22.95764,18.49041
1206,Namibia,2018,4024,,-22.95764,18.49041
1207,Nauru,2012,379,NR,-0.522778,166.931503
1208,Nauru,2013,534,NR,-0.522778,166.931503
1209,Nauru,2014,1122,NR,-0.522778,166.931503
1210,Nauru,2015,808,NR,-0.522778,166.931503
1211,Nauru,2016,808,NR,-0.522778,166.931503
1212,Nauru,2017,1085,NR,-0.522778,166.931503
1213,Nauru,2018,1368,NR,-0.522778,166.931503
1214,Nepal,2008,925872,NP,28.394857,84.124008
1215,Nepal,2009,909915,NP,28.394857,84.124008
1216,Nepal,2010,891317,NP,28.394857,84.124008
1217,Nepal,2011,874123,NP,28.394857,84.124008
1218,Nepal,2012,56734,NP,28.394857,84.124008
1219,Nepal,2013,46966,NP,28.394857,84.124008
1220,Nepal,2014,39012,NP,28.394857,84.124008
1221,Nepal,2015,33068,NP,28.394857,84.124008
1222,Nepal,2016,26170,NP,28.394857,84.124008
1223,Nepal,2017,22244,NP,28.394857,84.124008
1224,Nepal,2018,21401,NP,28.394857,84.124008
1225,Netherlands,2008,91988,NL,52.132633,5.291266
1226,Netherlands,2009,97802,NL,52.132633,5.291266
1227,Netherlands,2010,90109,NL,52.132633,5.291266
1228,Netherlands,2011,87956,NL,52.132633,5.291266
1229,Netherlands,2012,85056,NL,52.132633,5.291266
1230,Netherlands,2013,77137,NL,52.132633,5.291266
1231,Netherlands,2014,91394,NL,52.132633,5.291266
1232,Netherlands,2015,118545,NL,52.132633,5.291266
1233,Netherlands,2016,114106,NL,52.132633,5.291266
1234,Netherlands,2017,111602,NL,52.132633,5.291266
1235,Netherlands,2018,116060,NL,52.132633,5.291266
1236,New Zealand,2008,2868,NZ,-40.900557,174.885971
1237,New Zealand,2009,3522,NZ,-40.900557,174.885971
1238,New Zealand,2010,2524,NZ,-40.900557,174.885971
1239,New Zealand,2011,2174,NZ,-40.900557,174.885971
1240,New Zealand,2012,1793,NZ,-40.900557,174.885971
1241,New Zealand,2013,1711,NZ,-40.900557,174.885971
1242,New Zealand,2014,1989,NZ,-40.900557,174.885971
1243,New Zealand,2015,1615,NZ,-40.900557,174.885971
1244,New Zealand,2016,1724,NZ,-40.900557,174.885971
1245,New Zealand,2017,1826,NZ,-40.900557,174.885971
1246,New Zealand,2018,1964,NZ,-40.900557,174.885971
1247,Nicaragua,2008,147,NI,12.865416,-85.207229
1248,Nicaragua,2009,121,NI,12.865416,-85.207229
1249,Nicaragua,2010,76,NI,12.865416,-85.207229
1250,Nicaragua,2011,92,NI,12.865416,-85.207229
1251,Nicaragua,2012,140,NI,12.865416,-85.207229
1252,Nicaragua,2013,208,NI,12.865416,-85.207229
1253,Nicaragua,2014,342,NI,12.865416,-85.207229
1254,Nicaragua,2015,463,NI,12.865416,-85.207229
1255,Nicaragua,2016,667,NI,12.865416,-85.207229
1256,Nicaragua,2017,729,NI,12.865416,-85.207229
1257,Nicaragua,2018,809,NI,12.865416,-85.207229
1258,Niger,2008,344,NE,17.607789,8.081666
1259,Niger,2009,365,NE,17.607789,8.081666
1260,Niger,2010,337,NE,17.607789,8.081666
1261,Niger,2011,425,NE,17.607789,8.081666
1262,Niger,2012,50621,NE,17.607789,8.081666
1263,Niger,2013,98605,NE,17.607789,8.081666
1264,Niger,2014,154240,NE,17.607789,8.081666
1265,Niger,2015,333271,NE,17.607789,8.081666
1266,Niger,2016,304673,NE,17.607789,8.081666
1267,Niger,2017,315703,NE,17.607789,8.081666
1268,Niger,2018,386957,NE,17.607789,8.081666
1269,Nigeria,2008,11704,NG,9.081999,8.675277
1270,Nigeria,2009,10363,NG,9.081999,8.675277
1271,Nigeria,2010,10596,NG,9.081999,8.675277
1272,Nigeria,2011,10355,NG,9.081999,8.675277
1273,Nigeria,2012,4367,NG,9.081999,8.675277
1274,Nigeria,2013,2509,NG,9.081999,8.675277
1275,Nigeria,2014,1190498,NG,9.081999,8.675277
1276,Nigeria,2015,2174314,NG,9.081999,8.675277
1277,Nigeria,2016,2911144,NG,9.081999,8.675277
1278,Nigeria,2017,2379176,NG,9.081999,8.675277
1279,Nigeria,2018,2379743,NG,9.081999,8.675277
1280,Norway,2008,50280,NO,60.472024,8.468946
1281,Norway,2009,57548,NO,60.472024,8.468946
1282,Norway,2010,55883,NO,60.472024,8.468946
1283,Norway,2011,54960,NO,60.472024,8.468946
1284,Norway,2012,54835,NO,60.472024,8.468946
1285,Norway,2013,54585,NO,60.472024,8.468946
1286,Norway,2014,56474,NO,60.472024,8.468946
1287,Norway,2015,78412,NO,60.472024,8.468946
1288,Norway,2016,70329,NO,60.472024,8.468946
1289,Norway,2017,65479,NO,60.472024,8.468946
1290,Norway,2018,62034,NO,60.472024,8.468946
1291,Oman,2008,54,OM,21.512583,55.923255
1292,Oman,2009,38,OM,21.512583,55.923255
1293,Oman,2010,91,OM,21.512583,55.923255
1294,Oman,2011,346,OM,21.512583,55.923255
1295,Oman,2012,413,OM,21.512583,55.923255
1296,Oman,2013,467,OM,21.512583,55.923255
1297,Oman,2014,414,OM,21.512583,55.923255
1298,Oman,2015,457,OM,21.512583,55.923255
1299,Oman,2016,683,OM,21.512583,55.923255
1300,Oman,2017,705,OM,21.512583,55.923255
1301,Oman,2018,560,OM,21.512583,55.923255
1302,Pakistan,2008,2213896,PK,30.375321,69.345116
1303,Pakistan,2009,4795384,PK,30.375321,69.345116
1304,Pakistan,2010,4151024,PK,30.375321,69.345116
1305,Pakistan,2011,2829714,PK,30.375321,69.345116
1306,Pakistan,2012,2539353,PK,30.375321,69.345116
1307,Pakistan,2013,2491252,PK,30.375321,69.345116
1308,Pakistan,2014,2975772,PK,30.375321,69.345116
1309,Pakistan,2015,3448561,PK,30.375321,69.345116
1310,Pakistan,2016,2892017,PK,30.375321,69.345116
1311,Pakistan,2017,1852634,PK,30.375321,69.345116
1312,Pakistan,2018,1589032,PK,30.375321,69.345116
1313,Palau,2009,12,PW,7.51498,134.58252
1314,Palau,2010,0,PW,7.51498,134.58252
1315,Palau,2011,2,PW,7.51498,134.58252
1316,Palau,2012,3,PW,7.51498,134.58252
1317,Palau,2013,1,PW,7.51498,134.58252
1318,Palau,2014,1,PW,7.51498,134.58252
1319,Palau,2016,4,PW,7.51498,134.58252
1320,Panama,2008,17526,PA,8.537981,-80.782127
1321,Panama,2009,17743,PA,8.537981,-80.782127
1322,Panama,2010,17558,PA,8.537981,-80.782127
1323,Panama,2011,18059,PA,8.537981,-80.782127
1324,Panama,2012,17796,PA,8.537981,-80.782127
1325,Panama,2013,18297,PA,8.537981,-80.782127
1326,Panama,2014,18675,PA,8.537981,-80.782127
1327,Panama,2015,20258,PA,8.537981,-80.782127
1328,Panama,2016,21823,PA,8.537981,-80.782127
1329,Panama,2017,58578,PA,8.537981,-80.782127
1330,Panama,2018,110475,PA,8.537981,-80.782127
1331,Papua New Guinea,2008,10013,PG,-6.314993,143.95555
1332,Papua New Guinea,2009,10017,PG,-6.314993,143.95555
1333,Papua New Guinea,2010,9699,PG,-6.314993,143.95555
1334,Papua New Guinea,2011,9378,PG,-6.314993,143.95555
1335,Papua New Guinea,2012,9573,PG,-6.314993,143.95555
1336,Papua New Guinea,2013,9782,PG,-6.314993,143.95555
1337,Papua New Guinea,2014,9910,PG,-6.314993,143.95555
1338,Papua New Guinea,2015,9955,PG,-6.314993,143.95555
1339,Papua New Guinea,2016,9559,PG,-6.314993,143.95555
1340,Papua New Guinea,2017,10018,PG,-6.314993,143.95555
1341,Papua New Guinea,2018,10169,PG,-6.314993,143.95555
1342,Paraguay,2008,79,PY,-23.442503,-58.443832
1343,Paraguay,2009,93,PY,-23.442503,-58.443832
1344,Paraguay,2010,115,PY,-23.442503,-58.443832
1345,Paraguay,2011,133,PY,-23.442503,-58.443832
1346,Paraguay,2012,143,PY,-23.442503,-58.443832
1347,Paraguay,2013,137,PY,-23.442503,-58.443832
1348,Paraguay,2014,167,PY,-23.442503,-58.443832
1349,Paraguay,2015,214,PY,-23.442503,-58.443832
1350,Paraguay,2016,237,PY,-23.442503,-58.443832
1351,Paraguay,2017,261,PY,-23.442503,-58.443832
1352,Paraguay,2018,1401,PY,-23.442503,-58.443832
1353,Peru,2008,1662,PE,-9.189967,-75.015152
1354,Peru,2009,1486,PE,-9.189967,-75.015152
1355,Peru,2010,1411,PE,-9.189967,-75.015152
1356,Peru,2011,1638,PE,-9.189967,-75.015152
1357,Peru,2012,1600,PE,-9.189967,-75.015152
1358,Peru,2013,1669,PE,-9.189967,-75.015152
1359,Peru,2014,1690,PE,-9.189967,-75.015152
1360,Peru,2015,1867,PE,-9.189967,-75.015152
1361,Peru,2016,6041,PE,-9.189967,-75.015152
1362,Peru,2017,70723,PE,-9.189967,-75.015152
1363,Peru,2018,661515,PE,-9.189967,-75.015152
1364,Philippines,2008,280,PH,12.879721,121.774017
1365,Philippines,2009,220,PH,12.879721,121.774017
1366,Philippines,2010,139893,PH,12.879721,121.774017
1367,Philippines,2011,159716,PH,12.879721,121.774017
1368,Philippines,2012,343630,PH,12.879721,121.774017
1369,Philippines,2013,335320,PH,12.879721,121.774017
1370,Philippines,2014,247917,PH,12.879721,121.774017
1371,Philippines,2015,325707,PH,12.879721,121.774017
1372,Philippines,2016,348372,PH,12.879721,121.774017
1373,Philippines,2017,633889,PH,12.879721,121.774017
1374,Philippines,2018,525285,PH,12.879721,121.774017
1375,Poland,2008,18016,PL,51.919438,19.145136
1376,Poland,2009,18587,PL,51.919438,19.145136
1377,Poland,2010,18444,PL,51.919438,19.145136
1378,Poland,2011,19496,PL,51.919438,19.145136
1379,Poland,2012,29126,PL,51.919438,19.145136
1380,Poland,2013,29414,PL,51.919438,19.145136
1381,Poland,2014,29251,PL,51.919438,19.145136
1382,Poland,2015,28195,PL,51.919438,19.145136
1383,Poland,2016,26003,PL,51.919438,19.145136
1384,Poland,2017,25929,PL,51.919438,19.145136
1385,Poland,2018,26361,PL,51.919438,19.145136
1386,Portugal,2008,676,PT,39.399872,-8.224454
1387,Portugal,2009,439,PT,39.399872,-8.224454
1388,Portugal,2010,487,PT,39.399872,-8.224454
1389,Portugal,2011,653,PT,39.399872,-8.224454
1390,Portugal,2012,1233,PT,39.399872,-8.224454
1391,Portugal,2013,1357,PT,39.399872,-8.224454
1392,Portugal,2014,1057,PT,39.399872,-8.224454
1393,Portugal,2015,1447,PT,39.399872,-8.224454
1394,Portugal,2016,2066,PT,39.399872,-8.224454
1395,Portugal,2017,1638,PT,39.399872,-8.224454
1396,Portugal,2018,2195,PT,39.399872,-8.224454
1397,Qatar,2008,1250,QA,25.354826,51.183884
1398,Qatar,2009,1237,QA,25.354826,51.183884
1399,Qatar,2010,1267,QA,25.354826,51.183884
1400,Qatar,2011,1329,QA,25.354826,51.183884
1401,Qatar,2012,1337,QA,25.354826,51.183884
1402,Qatar,2013,1341,QA,25.354826,51.183884
1403,Qatar,2014,1421,QA,25.354826,51.183884
1404,Qatar,2015,1450,QA,25.354826,51.183884
1405,Qatar,2016,1519,QA,25.354826,51.183884
1406,Qatar,2017,1511,QA,25.354826,51.183884
1407,Qatar,2018,1476,QA,25.354826,51.183884
1408,Rep. of Korea,2008,1697,,35.9078,127.7669
1409,Rep. of Korea,2009,1031,,35.9078,127.7669
1410,Rep. of Korea,2010,1249,,35.9078,127.7669
1411,Rep. of Korea,2011,1749,,35.9078,127.7669
1412,Rep. of Korea,2012,2214,,35.9078,127.7669
1413,Rep. of Korea,2013,3167,,35.9078,127.7669
1414,Rep. of Korea,2014,4866,,35.9078,127.7669
1415,Rep. of Korea,2015,7102,,35.9078,127.7669
1416,Rep. of Korea,2016,8865,,35.9078,127.7669
1417,Rep. of Korea,2017,11968,,35.9078,127.7669
1418,Rep. of Korea,2018,22876,,35.9078,127.7669
1419,Rep. of Moldova,2008,1992,,47.4116,28.3699
1420,Rep. of Moldova,2009,2209,,47.4116,28.3699
1421,Rep. of Moldova,2010,2261,,47.4116,28.3699
1422,Rep. of Moldova,2011,2268,,47.4116,28.3699
1423,Rep. of Moldova,2012,2259,,47.4116,28.3699
1424,Rep. of Moldova,2013,2366,,47.4116,28.3699
1425,Rep. of Moldova,2014,2520,,47.4116,28.3699
1426,Rep. of Moldova,2015,5571,,47.4116,28.3699
1427,Rep. of Moldova,2016,5293,,47.4116,28.3699
1428,Rep. of Moldova,2017,5025,,47.4116,28.3699
1429,Rep. of Moldova,2018,4945,,47.4116,28.3699
1430,Romania,2008,2152,RO,45.943161,24.96676
1431,Romania,2009,1773,RO,45.943161,24.96676
1432,Romania,2010,1730,RO,45.943161,24.96676
1433,Romania,2011,2158,RO,45.943161,24.96676
1434,Romania,2012,1620,RO,45.943161,24.96676
1435,Romania,2013,2217,RO,45.943161,24.96676
1436,Romania,2014,2874,RO,45.943161,24.96676
1437,Romania,2015,3295,RO,45.943161,24.96676
1438,Romania,2016,3228,RO,45.943161,24.96676
1439,Romania,2017,5668,RO,45.943161,24.96676
1440,Romania,2018,5818,RO,45.943161,24.96676
1441,Russian Federation,2008,147916,,61.524,105.3188
1442,Russian Federation,2009,137447,,61.524,105.3188
1443,Russian Federation,2010,132555,,61.524,105.3188
1444,Russian Federation,2011,221763,,61.524,105.3188
1445,Russian Federation,2012,191109,,61.524,105.3188
1446,Russian Federation,2013,189979,,61.524,105.3188
1447,Russian Federation,2014,354497,,61.524,105.3188
1448,Russian Federation,2015,418417,,61.524,105.3188
1449,Russian Federation,2016,322805,,61.524,105.3188
1450,Russian Federation,2017,210349,,61.524,105.3188
1451,Russian Federation,2018,154434,,61.524,105.3188
1452,Rwanda,2008,55463,RW,-1.940278,29.873888
1453,Rwanda,2009,57103,RW,-1.940278,29.873888
1454,Rwanda,2010,55690,RW,-1.940278,29.873888
1455,Rwanda,2011,55625,RW,-1.940278,29.873888
1456,Rwanda,2012,59781,RW,-1.940278,29.873888
1457,Rwanda,2013,73687,RW,-1.940278,29.873888
1458,Rwanda,2014,74337,RW,-1.940278,29.873888
1459,Rwanda,2015,146130,RW,-1.940278,29.873888
1460,Rwanda,2016,158167,RW,-1.940278,29.873888
1461,Rwanda,2017,191381,RW,-1.940278,29.873888
1462,Rwanda,2018,152588,RW,-1.940278,29.873888
1463,Saint Kitts and Nevis,2009,0,KN,17.357822,-62.782998
1464,Saint Kitts and Nevis,2012,1,KN,17.357822,-62.782998
1465,Saint Kitts and Nevis,2013,2,KN,17.357822,-62.782998
1466,Saint Kitts and Nevis,2014,2,KN,17.357822,-62.782998
1467,Saint Kitts and Nevis,2017,5,KN,17.357822,-62.782998
1468,Saint Kitts and Nevis,2018,0,KN,17.357822,-62.782998
1469,Saint Lucia,2008,1,LC,13.909444,-60.978893
1470,Saint Lucia,2009,4,LC,13.909444,-60.978893
1471,Saint Lucia,2010,7,LC,13.909444,-60.978893
1472,Saint Lucia,2011,6,LC,13.909444,-60.978893
1473,Saint Lucia,2012,3,LC,13.909444,-60.978893
1474,Saint Lucia,2013,6,LC,13.909444,-60.978893
1475,Saint Lucia,2014,3,LC,13.909444,-60.978893
1476,Saint Lucia,2015,2,LC,13.909444,-60.978893
1477,Saint Lucia,2016,3,LC,13.909444,-60.978893
1478,Saint Lucia,2017,0,LC,13.909444,-60.978893
1479,Saint Lucia,2018,0,LC,13.909444,-60.978893
1480,Saint Vincent and the Grenadines,2009,1,VC,12.984305,-61.287228
1481,Saint Vincent and the Grenadines,2010,0,VC,12.984305,-61.287228
1482,Saint Vincent and the Grenadines,2011,1,VC,12.984305,-61.287228
1483,Saint Vincent and the Grenadines,2012,0,VC,12.984305,-61.287228
1484,Samoa,2015,3,WS,-13.759029,-172.104629
1485,Samoa,2016,3,WS,-13.759029,-172.104629
1486,Samoa,2017,0,WS,-13.759029,-172.104629
1487,Samoa,2018,0,WS,-13.759029,-172.104629
1488,Saudi Arabia,2008,310895,SA,23.885942,45.079162
1489,Saudi Arabia,2009,70679,SA,23.885942,45.079162
1490,Saudi Arabia,2010,70669,SA,23.885942,45.079162
1491,Saudi Arabia,2011,70854,SA,23.885942,45.079162
1492,Saudi Arabia,2012,71026,SA,23.885942,45.079162
1493,Saudi Arabia,2013,70658,SA,23.885942,45.079162
1494,Saudi Arabia,2014,70717,SA,23.885942,45.079162
1495,Saudi Arabia,2015,70221,SA,23.885942,45.079162
1496,Saudi Arabia,2016,70190,SA,23.885942,45.079162
1497,Saudi Arabia,2017,70229,SA,23.885942,45.079162
1498,Saudi Arabia,2018,72420,SA,23.885942,45.079162
1499,Senegal,2008,42937,SN,14.497401,-14.452362
1500,Senegal,2009,36962,SN,14.497401,-14.452362
1501,Senegal,2010,24250,SN,14.497401,-14.452362
1502,Senegal,2011,24275,SN,14.497401,-14.452362
1503,Senegal,2012,22793,SN,14.497401,-14.452362
1504,Senegal,2013,16729,SN,14.497401,-14.452362
1505,Senegal,2014,17188,SN,14.497401,-14.452362
1506,Senegal,2015,17512,SN,14.497401,-14.452362
1507,Senegal,2016,17804,SN,14.497401,-14.452362
1508,Senegal,2017,17999,SN,14.497401,-14.452362
1509,Senegal,2018,16037,SN,14.497401,-14.452362
1510,Serbia and Kosovo (S/RES/1244 (1999)),2008,340929,,44.0165,21.0059
1511,Serbia and Kosovo (S/RES/1244 (1999)),2009,329347,,44.0165,21.0059
1512,Serbia and Kosovo (S/RES/1244 (1999)),2010,312627,,44.0165,21.0059
1513,Serbia and Kosovo (S/RES/1244 (1999)),2011,309391,,44.0165,21.0059
1514,Serbia and Kosovo (S/RES/1244 (1999)),2012,304567,,44.0165,21.0059
1515,Serbia and Kosovo (S/RES/1244 (1999)),2013,291139,,44.0165,21.0059
1516,Serbia and Kosovo (S/RES/1244 (1999)),2014,271476,,44.0165,21.0059
1517,Serbia and Kosovo (S/RES/1244 (1999)),2015,258746,,44.0165,21.0059
1518,Serbia and Kosovo (S/RES/1244 (1999)),2016,259141,,44.0165,21.0059
1519,Serbia and Kosovo (S/RES/1244 (1999)),2017,252498,,44.0165,21.0059
1520,Serbia and Kosovo (S/RES/1244 (1999)),2018,232710,,44.0165,21.0059
1521,Seychelles,2016,2,SC,-4.679574,55.491977
1522,Seychelles,2017,0,SC,-4.679574,55.491977
1523,Sierra Leone,2008,9296,SL,8.460555,-11.779889
1524,Sierra Leone,2009,9328,SL,8.460555,-11.779889
1525,Sierra Leone,2010,8611,SL,8.460555,-11.779889
1526,Sierra Leone,2011,8232,SL,8.460555,-11.779889
1527,Sierra Leone,2012,5303,SL,8.460555,-11.779889
1528,Sierra Leone,2013,2881,SL,8.460555,-11.779889
1529,Sierra Leone,2014,1387,SL,8.460555,-11.779889
1530,Sierra Leone,2015,777,SL,8.460555,-11.779889
1531,Sierra Leone,2016,690,SL,8.460555,-11.779889
1532,Sierra Leone,2017,678,SL,8.460555,-11.779889
1533,Sierra Leone,2018,591,SL,8.460555,-11.779889
1534,Singapore,2008,10,SG,1.352083,103.819836
1535,Singapore,2009,7,SG,1.352083,103.819836
1536,Singapore,2010,7,SG,1.352083,103.819836
1537,Singapore,2011,3,SG,1.352083,103.819836
1538,Singapore,2012,3,SG,1.352083,103.819836
1539,Singapore,2013,3,SG,1.352083,103.819836
1540,Singapore,2014,5,SG,1.352083,103.819836
1541,Singapore,2015,1,SG,1.352083,103.819836
1542,Singapore,2016,1,SG,1.352083,103.819836
1543,Singapore,2017,0,SG,1.352083,103.819836
1544,Singapore,2018,1303,SG,1.352083,103.819836
1545,Sint Maarten (Dutch part),2010,4,,18.0425,63.0548
1546,Sint Maarten (Dutch part),2011,3,,18.0425,63.0548
1547,Sint Maarten (Dutch part),2012,7,,18.0425,63.0548
1548,Sint Maarten (Dutch part),2013,4,,18.0425,63.0548
1549,Sint Maarten (Dutch part),2014,8,,18.0425,63.0548
1550,Sint Maarten (Dutch part),2015,11,,18.0425,63.0548
1551,Sint Maarten (Dutch part),2016,10,,18.0425,63.0548
1552,Sint Maarten (Dutch part),2017,5,,18.0425,63.0548
1553,Sint Maarten (Dutch part),2018,5,,18.0425,63.0548
1554,Slovakia,2008,1536,SK,48.669026,19.699024
1555,Slovakia,2009,1628,SK,48.669026,19.699024
1556,Slovakia,2010,1639,SK,48.669026,19.699024
1557,Slovakia,2011,840,SK,48.669026,19.699024
1558,Slovakia,2012,2448,SK,48.669026,19.699024
1559,Slovakia,2013,2562,SK,48.669026,19.699024
1560,Slovakia,2014,2673,SK,48.669026,19.699024
1561,Slovakia,2015,2604,SK,48.669026,19.699024
1562,Slovakia,2016,2596,SK,48.669026,19.699024
1563,Slovakia,2017,2449,SK,48.669026,19.699024
1564,Slovakia,2018,2448,SK,48.669026,19.699024
1565,Slovenia,2008,4491,SI,46.151241,14.995463
1566,Slovenia,2009,4511,SI,46.151241,14.995463
1567,Slovenia,2010,4554,SI,46.151241,14.995463
1568,Slovenia,2011,262,SI,46.151241,14.995463
1569,Slovenia,2012,311,SI,46.151241,14.995463
1570,Slovenia,2013,249,SI,46.151241,14.995463
1571,Slovenia,2014,349,SI,46.151241,14.995463
1572,Slovenia,2015,403,SI,46.151241,14.995463
1573,Slovenia,2016,785,SI,46.151241,14.995463
1574,Slovenia,2017,868,SI,46.151241,14.995463
1575,Slovenia,2018,975,SI,46.151241,14.995463
1576,Solomon Islands,2012,3,SB,-9.64571,160.156194
1577,Solomon Islands,2013,3,SB,-9.64571,160.156194
1578,Solomon Islands,2014,3,SB,-9.64571,160.156194
1579,Solomon Islands,2015,3,SB,-9.64571,160.156194
1580,Solomon Islands,2018,0,SB,-9.64571,160.156194
1581,Somalia,2008,1288288,SO,5.152149,46.199616
1582,Somalia,2009,1576483,SO,5.152149,46.199616
1583,Somalia,2010,1489828,SO,5.152149,46.199616
1584,Somalia,2011,1364971,SO,5.152149,46.199616
1585,Somalia,2012,1154047,SO,5.152149,46.199616
1586,Somalia,2013,1250084,SO,5.152149,46.199616
1587,Somalia,2014,1157804,SO,5.152149,46.199616
1588,Somalia,2015,1156287,SO,5.152149,46.199616
1589,Somalia,2016,1587052,SO,5.152149,46.199616
1590,Somalia,2017,2187566,SO,5.152149,46.199616
1591,Somalia,2018,2769006,SO,5.152149,46.199616
1592,South Africa,2008,270958,ZA,-30.559482,22.937506
1593,South Africa,2009,357811,ZA,-30.559482,22.937506
1594,South Africa,2010,229735,ZA,-30.559482,22.937506
1595,South Africa,2011,277304,ZA,-30.559482,22.937506
1596,South Africa,2012,295700,ZA,-30.559482,22.937506
1597,South Africa,2013,303344,ZA,-30.559482,22.937506
1598,South Africa,2014,576171,ZA,-30.559482,22.937506
1599,South Africa,2015,1217726,ZA,-30.559482,22.937506
1600,South Africa,2016,309381,ZA,-30.559482,22.937506
1601,South Africa,2017,280027,ZA,-30.559482,22.937506
1602,South Africa,2018,273474,ZA,-30.559482,22.937506
1603,South Sudan,2011,665272,,6.877,31.307
1604,South Sudan,2012,548286,,6.877,31.307
1605,South Sudan,2013,560728,,6.877,31.307
1606,South Sudan,2014,2096686,,6.877,31.307
1607,South Sudan,2015,2056299,,6.877,31.307
1608,South Sudan,2016,2883717,,6.877,31.307
1609,South Sudan,2017,2202138,,6.877,31.307
1610,South Sudan,2018,2318681,,6.877,31.307
1611,Spain,2008,4691,ES,40.463667,-3.74922
1612,Spain,2009,7281,ES,40.463667,-3.74922
1613,Spain,2010,6563,ES,40.463667,-3.74922
1614,Spain,2011,6935,ES,40.463667,-3.74922
1615,Spain,2012,7337,ES,40.463667,-3.74922
1616,Spain,2013,9251,ES,40.463667,-3.74922
1617,Spain,2014,13593,ES,40.463667,-3.74922
1618,Spain,2015,17917,ES,40.463667,-3.74922
1619,Spain,2016,34360,ES,40.463667,-3.74922
1620,Spain,2017,53994,ES,40.463667,-3.74922
1621,Spain,2018,101590,ES,40.463667,-3.74922
1622,Sri Lanka,2008,526262,LK,7.873054,80.771797
1623,Sri Lanka,2009,530089,LK,7.873054,80.771797
1624,Sri Lanka,2010,435264,LK,7.873054,80.771797
1625,Sri Lanka,2011,283370,LK,7.873054,80.771797
1626,Sri Lanka,2012,138466,LK,7.873054,80.771797
1627,Sri Lanka,2013,84634,LK,7.873054,80.771797
1628,Sri Lanka,2014,32668,LK,7.873054,80.771797
1629,Sri Lanka,2015,54440,LK,7.873054,80.771797
1630,Sri Lanka,2016,53355,LK,7.873054,80.771797
1631,Sri Lanka,2017,42759,LK,7.873054,80.771797
1632,Sri Lanka,2018,42274,LK,7.873054,80.771797
1634,Sudan,2008,1409700,SD,12.862807,30.217636
1635,Sudan,2009,1394167,SD,12.862807,30.217636
1636,Sudan,2010,1951521,SD,12.862807,30.217636
1637,Sudan,2011,2848173,SD,12.862807,30.217636
1638,Sudan,2012,2130665,SD,12.862807,30.217636
1639,Sudan,2013,2071296,SD,12.862807,30.217636
1640,Sudan,2014,2485690,SD,12.862807,30.217636
1641,Sudan,2015,3696478,SD,12.862807,30.217636
1642,Sudan,2016,2666834,SD,12.862807,30.217636
1643,Sudan,2017,3323608,SD,12.862807,30.217636
1644,Sudan,2018,2965621,SD,12.862807,30.217636
1645,Suriname,2008,1,SR,3.919305,-56.027783
1646,Suriname,2009,1,SR,3.919305,-56.027783
1647,Suriname,2010,8,SR,3.919305,-56.027783
1648,Suriname,2011,3,SR,3.919305,-56.027783
1649,Suriname,2012,3,SR,3.919305,-56.027783
1650,Suriname,2013,0,SR,3.919305,-56.027783
1651,Suriname,2014,2,SR,3.919305,-56.027783
1652,Suriname,2015,5,SR,3.919305,-56.027783
1653,Suriname,2016,48,SR,3.919305,-56.027783
1654,Suriname,2017,96,SR,3.919305,-56.027783
1655,Suriname,2018,242,SR,3.919305,-56.027783
1656,Swaziland,2008,1221,SZ,-26.522503,31.465866
1657,Swaziland,2009,1374,SZ,-26.522503,31.465866
1658,Swaziland,2010,759,SZ,-26.522503,31.465866
1659,Swaziland,2011,760,SZ,-26.522503,31.465866
1660,Swaziland,2012,927,SZ,-26.522503,31.465866
1661,Swaziland,2013,1045,SZ,-26.522503,31.465866
1662,Swaziland,2014,799,SZ,-26.522503,31.465866
1663,Swaziland,2015,967,SZ,-26.522503,31.465866
1664,Swaziland,2016,1116,SZ,-26.522503,31.465866
1665,Swaziland,2017,1327,SZ,-26.522503,31.465866
1666,Swaziland,2018,1605,SZ,-26.522503,31.465866
1667,Sweden,2008,107730,SE,60.128161,18.643501
1668,Sweden,2009,110374,SE,60.128161,18.643501
1669,Sweden,2010,110809,SE,60.128161,18.643501
1670,Sweden,2011,117399,SE,60.128161,18.643501
1671,Sweden,2012,127871,SE,60.128161,18.643501
1672,Sweden,2013,163999,SE,60.128161,18.643501
1673,Sweden,2014,226168,SE,60.128161,18.643501
1674,Sweden,2015,357629,SE,60.128161,18.643501
1675,Sweden,2016,349303,SE,60.128161,18.643501
1676,Sweden,2017,327657,SE,60.128161,18.643501
1677,Sweden,2018,317768,SE,60.128161,18.643501
1678,Switzerland,2008,63539,CH,46.818188,8.227512
1679,Switzerland,2009,63686,CH,46.818188,8.227512
1680,Switzerland,2010,61856,CH,46.818188,8.227512
1681,Switzerland,2011,67426,CH,46.818188,8.227512
1682,Switzerland,2012,72532,CH,46.818188,8.227512
1683,Switzerland,2013,74678,CH,46.818188,8.227512
1684,Switzerland,2014,83636,CH,46.818188,8.227512
1685,Switzerland,2015,106148,CH,46.818188,8.227512
1686,Switzerland,2016,113547,CH,46.818188,8.227512
1687,Switzerland,2017,116810,CH,46.818188,8.227512
1688,Switzerland,2018,118801,CH,46.818188,8.227512
1689,Syrian Arab Rep.,2008,1412103,,34.8021,38.9968
1690,Syrian Arab Rep.,2009,1375763,,34.8021,38.9968
1691,Syrian Arab Rep.,2010,1308112,,34.8021,38.9968
1692,Syrian Arab Rep.,2011,1016511,,34.8021,38.9968
1693,Syrian Arab Rep.,2012,2773166,,34.8021,38.9968
1694,Syrian Arab Rep.,2013,6878441,,34.8021,38.9968
1695,Syrian Arab Rep.,2014,7949617,,34.8021,38.9968
1696,Syrian Arab Rep.,2015,6754318,,34.8021,38.9968
1697,Syrian Arab Rep.,2016,7131909,,34.8021,38.9968
1698,Syrian Arab Rep.,2017,7033108,,34.8021,38.9968
1699,Syrian Arab Rep.,2018,6600195,,34.8021,38.9968
1700,Tajikistan,2008,2109,TJ,38.861034,71.276093
1701,Tajikistan,2009,6838,TJ,38.861034,71.276093
1702,Tajikistan,2010,7125,TJ,38.861034,71.276093
1703,Tajikistan,2011,7702,TJ,38.861034,71.276093
1704,Tajikistan,2012,6693,TJ,38.861034,71.276093
1705,Tajikistan,2013,5724,TJ,38.861034,71.276093
1706,Tajikistan,2014,3643,TJ,38.861034,71.276093
1707,Tajikistan,2015,21881,TJ,38.861034,71.276093
1708,Tajikistan,2016,20281,TJ,38.861034,71.276093
1709,Tajikistan,2017,13456,TJ,38.861034,71.276093
1710,Tajikistan,2018,7580,TJ,38.861034,71.276093
1711,Thailand,2008,3625512,TH,15.870032,100.992541
1712,Thailand,2009,3615553,TH,15.870032,100.992541
1713,Thailand,2010,649430,TH,15.870032,100.992541
1714,Thailand,2011,608807,TH,15.870032,100.992541
1715,Thailand,2012,605256,TH,15.870032,100.992541
1716,Thailand,2013,650627,TH,15.870032,100.992541
1717,Thailand,2014,644761,TH,15.870032,100.992541
1718,Thailand,2015,560852,TH,15.870032,100.992541
1719,Thailand,2016,599543,TH,15.870032,100.992541
1720,Thailand,2017,593211,TH,15.870032,100.992541
1721,Thailand,2018,582091,TH,15.870032,100.992541
1722,The former Yugoslav Republic of Macedonia,2008,2893,,41.6086,21.7453
1723,The former Yugoslav Republic of Macedonia,2009,3615,,41.6086,21.7453
1724,The former Yugoslav Republic of Macedonia,2010,3290,,41.6086,21.7453
1725,The former Yugoslav Republic of Macedonia,2011,2921,,41.6086,21.7453
1726,The former Yugoslav Republic of Macedonia,2012,2541,,41.6086,21.7453
1727,The former Yugoslav Republic of Macedonia,2013,2977,,41.6086,21.7453
1728,The former Yugoslav Republic of Macedonia,2014,3259,,41.6086,21.7453
1729,The former Yugoslav Republic of Macedonia,2015,1557,,41.6086,21.7453
1730,The former Yugoslav Republic of Macedonia,2016,1312,,41.6086,21.7453
1731,The former Yugoslav Republic of Macedonia,2017,1031,,41.6086,21.7453
1732,The former Yugoslav Republic of Macedonia,2018,987,,41.6086,21.7453
1733,Timor-Leste,2008,15877,TL,-8.874217,125.727539
1734,Timor-Leste,2009,11,TL,-8.874217,125.727539
1735,Timor-Leste,2010,5,TL,-8.874217,125.727539
1736,Timor-Leste,2011,2,TL,-8.874217,125.727539
1737,Timor-Leste,2012,1,TL,-8.874217,125.727539
1738,Timor-Leste,2013,2,TL,-8.874217,125.727539
1739,Timor-Leste,2014,6,TL,-8.874217,125.727539
1740,Timor-Leste,2015,6,TL,-8.874217,125.727539
1741,Timor-Leste,2016,2,TL,-8.874217,125.727539
1742,Timor-Leste,2017,0,TL,-8.874217,125.727539
1743,Timor-Leste,2018,0,TL,-8.874217,125.727539
1744,Togo,2008,9833,TG,8.619543,0.824782
1745,Togo,2009,8695,TG,8.619543,0.824782
1746,Togo,2010,14207,TG,8.619543,0.824782
1747,Togo,2011,19716,TG,8.619543,0.824782
1748,Togo,2012,24411,TG,8.619543,0.824782
1749,Togo,2013,21706,TG,8.619543,0.824782
1750,Togo,2014,22588,TG,8.619543,0.824782
1751,Togo,2015,22806,TG,8.619543,0.824782
1752,Togo,2016,13325,TG,8.619543,0.824782
1753,Togo,2017,13159,TG,8.619543,0.824782
1754,Togo,2018,13008,TG,8.619543,0.824782
1755,Tonga,2010,3,TO,-21.178986,-175.198242
1756,Tonga,2011,3,TO,-21.178986,-175.198242
1757,Tonga,2012,3,TO,-21.178986,-175.198242
1758,Tonga,2013,3,TO,-21.178986,-175.198242
1759,Tonga,2014,0,TO,-21.178986,-175.198242
1760,Trinidad and Tobago,2008,132,TT,10.691803,-61.222503
1761,Trinidad and Tobago,2009,233,TT,10.691803,-61.222503
1762,Trinidad and Tobago,2010,131,TT,10.691803,-61.222503
1763,Trinidad and Tobago,2011,42,TT,10.691803,-61.222503
1764,Trinidad and Tobago,2012,25,TT,10.691803,-61.222503
1765,Trinidad and Tobago,2013,62,TT,10.691803,-61.222503
1766,Trinidad and Tobago,2014,170,TT,10.691803,-61.222503
1767,Trinidad and Tobago,2015,201,TT,10.691803,-61.222503
1768,Trinidad and Tobago,2016,328,TT,10.691803,-61.222503
1769,Trinidad and Tobago,2017,2266,TT,10.691803,-61.222503
1770,Trinidad and Tobago,2018,42564,TT,10.691803,-61.222503
1771,Tunisia,2008,147,TN,33.886917,9.537499
1772,Tunisia,2009,128,TN,33.886917,9.537499
1773,Tunisia,2010,115,TN,33.886917,9.537499
1774,Tunisia,2011,153604,TN,33.886917,9.537499
1775,Tunisia,2012,2831,TN,33.886917,9.537499
1776,Tunisia,2013,1094,TN,33.886917,9.537499
1777,Tunisia,2014,1152,TN,33.886917,9.537499
1778,Tunisia,2015,758,TN,33.886917,9.537499
1779,Tunisia,2016,690,TN,33.886917,9.537499
1780,Tunisia,2017,746,TN,33.886917,9.537499
1781,Tunisia,2018,1308,TN,33.886917,9.537499
1782,Turkey,2008,21740,TR,38.963745,35.243322
1783,Turkey,2009,19739,TR,38.963745,35.243322
1784,Turkey,2010,17833,TR,38.963745,35.243322
1785,Turkey,2011,36000,TR,38.963745,35.243322
1786,Turkey,2012,360733,TR,38.963745,35.243322
1787,Turkey,2013,804372,TR,38.963745,35.243322
1788,Turkey,2014,1694971,TR,38.963745,35.243322
1789,Turkey,2015,2754540,TR,38.963745,35.243322
1790,Turkey,2016,3116156,TR,38.963745,35.243322
1791,Turkey,2017,3789302,TR,38.963745,35.243322
1792,Turkey,2018,3993484,TR,38.963745,35.243322
1793,Turkmenistan,2008,8587,TM,38.969719,59.556278
1794,Turkmenistan,2009,12066,TM,38.969719,59.556278
1795,Turkmenistan,2010,20062,TM,38.969719,59.556278
1796,Turkmenistan,2011,11062,TM,38.969719,59.556278
1797,Turkmenistan,2012,8993,TM,38.969719,59.556278
1798,Turkmenistan,2013,8365,TM,38.969719,59.556278
1799,Turkmenistan,2014,7577,TM,38.969719,59.556278
1800,Turkmenistan,2015,7158,TM,38.969719,59.556278
1801,Turkmenistan,2016,5771,TM,38.969719,59.556278
1802,Turkmenistan,2017,3873,TM,38.969719,59.556278
1803,Turkmenistan,2018,4735,TM,38.969719,59.556278
1804,Turks and Caicos Islands,2011,0,TC,21.694025,-71.797928
1805,Turks and Caicos Islands,2012,22,TC,21.694025,-71.797928
1806,Turks and Caicos Islands,2013,10,TC,21.694025,-71.797928
1807,Turks and Caicos Islands,2014,8,TC,21.694025,-71.797928
1808,Turks and Caicos Islands,2015,4,TC,21.694025,-71.797928
1809,Turks and Caicos Islands,2016,4,TC,21.694025,-71.797928
1810,Turks and Caicos Islands,2017,0,TC,21.694025,-71.797928
1811,Turks and Caicos Islands,2018,0,TC,21.694025,-71.797928
1812,Uganda,2008,1694211,UG,1.373333,32.290275
1813,Uganda,2009,1054694,UG,1.373333,32.290275
1814,Uganda,2010,594380,UG,1.373333,32.290275
1815,Uganda,2011,298253,UG,1.373333,32.290275
1816,Uganda,2012,251813,UG,1.373333,32.290275
1817,Uganda,2013,295789,UG,1.373333,32.290275
1818,Uganda,2014,606606,UG,1.373333,32.290275
1819,Uganda,2015,699813,UG,1.373333,32.290275
1820,Uganda,2016,1162738,UG,1.373333,32.290275
1821,Uganda,2017,1575130,UG,1.373333,32.290275
1822,Uganda,2018,1370903,UG,1.373333,32.290275
1823,Ukraine,2008,64860,UA,48.379433,31.16558
1824,Ukraine,2009,65904,UA,48.379433,31.16558
1825,Ukraine,2010,46360,UA,48.379433,31.16558
1826,Ukraine,2011,46625,UA,48.379433,31.16558
1827,Ukraine,2012,42904,UA,48.379433,31.16558
1828,Ukraine,2013,41720,UA,48.379433,31.16558
1829,Ukraine,2014,867463,UA,48.379433,31.16558
1830,Ukraine,2015,1645013,UA,48.379433,31.16558
1831,Ukraine,2016,1845238,UA,48.379433,31.16558
1832,Ukraine,2017,1844749,UA,48.379433,31.16558
1833,Ukraine,2018,1544630,UA,48.379433,31.16558
1834,United Arab Emirates,2008,274,AE,23.424076,53.847818
1835,United Arab Emirates,2009,925,AE,23.424076,53.847818
1836,United Arab Emirates,2010,624,AE,23.424076,53.847818
1837,United Arab Emirates,2011,2007,AE,23.424076,53.847818
1838,United Arab Emirates,2012,2217,AE,23.424076,53.847818
1839,United Arab Emirates,2013,1515,AE,23.424076,53.847818
1840,United Arab Emirates,2014,1064,AE,23.424076,53.847818
1841,United Arab Emirates,2015,1253,AE,23.424076,53.847818
1842,United Arab Emirates,2016,1507,AE,23.424076,53.847818
1843,United Arab Emirates,2017,2763,AE,23.424076,53.847818
1844,United Arab Emirates,2018,7756,AE,23.424076,53.847818
1845,United Kingdom,2008,306288,GB,55.378051,-3.435973
1846,United Kingdom,2009,282471,GB,55.378051,-3.435973
1847,United Kingdom,2010,253259,GB,55.378051,-3.435973
1848,United Kingdom,2011,211461,GB,55.378051,-3.435973
1849,United Kingdom,2012,169764,GB,55.378051,-3.435973
1850,United Kingdom,2013,151840,GB,55.378051,-3.435973
1851,United Kingdom,2014,154371,GB,55.378051,-3.435973
1852,United Kingdom,2015,169366,GB,55.378051,-3.435973
1853,United Kingdom,2016,162576,GB,55.378051,-3.435973
1854,United Kingdom,2017,162243,GB,55.378051,-3.435973
1855,United Kingdom,2018,172010,GB,55.378051,-3.435973
1856,United Rep. of Tanzania,2008,432993,,6.369,34.8888
1857,United Rep. of Tanzania,2009,305199,,6.369,34.8888
1858,United Rep. of Tanzania,2010,273802,,6.369,34.8888
1859,United Rep. of Tanzania,2011,294645,,6.369,34.8888
1860,United Rep. of Tanzania,2012,299064,,6.369,34.8888
1861,United Rep. of Tanzania,2013,265270,,6.369,34.8888
1862,United Rep. of Tanzania,2014,252400,,6.369,34.8888
1863,United Rep. of Tanzania,2015,382625,,6.369,34.8888
1864,United Rep. of Tanzania,2016,462363,,6.369,34.8888
1865,United Rep. of Tanzania,2017,521281,,6.369,34.8888
1866,United Rep. of Tanzania,2018,337005,,6.369,34.8888
1867,United States of America,2008,348844,,37.0902,95.7129
1868,United States of America,2009,339955,,37.0902,95.7129
1869,United States of America,2010,270943,,37.0902,95.7129
1870,United States of America,2011,278300,,37.0902,95.7129
1871,United States of America,2012,282132,,37.0902,95.7129
1872,United States of America,2013,348967,,37.0902,95.7129
1873,United States of America,2014,455056,,37.0902,95.7129
1874,United States of America,2015,559372,,37.0902,95.7129
1875,United States of America,2016,712829,,37.0902,95.7129
1876,United States of America,2017,929837,,37.0902,95.7129
1877,United States of America,2018,1032212,,37.0902,95.7129
1878,Uruguay,2008,184,UY,-32.522779,-55.765835
1879,Uruguay,2009,216,UY,-32.522779,-55.765835
1880,Uruguay,2010,229,UY,-32.522779,-55.765835
1881,Uruguay,2011,225,UY,-32.522779,-55.765835
1882,Uruguay,2012,221,UY,-32.522779,-55.765835
1883,Uruguay,2013,245,UY,-32.522779,-55.765835
1884,Uruguay,2014,328,UY,-32.522779,-55.765835
1885,Uruguay,2015,380,UY,-32.522779,-55.765835
1886,Uruguay,2016,687,UY,-32.522779,-55.765835
1887,Uruguay,2017,8559,UY,-32.522779,-55.765835
1888,Uruguay,2018,18354,UY,-32.522779,-55.765835
1889,Uzbekistan,2008,842,UZ,41.377491,64.585262
1890,Uzbekistan,2009,556,UZ,41.377491,64.585262
1891,Uzbekistan,2010,313,UZ,41.377491,64.585262
1892,Uzbekistan,2011,214,UZ,41.377491,64.585262
1893,Uzbekistan,2012,176,UZ,41.377491,64.585262
1894,Uzbekistan,2013,141,UZ,41.377491,64.585262
1895,Uzbekistan,2014,86828,UZ,41.377491,64.585262
1896,Uzbekistan,2015,86810,UZ,41.377491,64.585262
1897,Uzbekistan,2016,86552,UZ,41.377491,64.585262
1898,Uzbekistan,2017,85575,UZ,41.377491,64.585262
1899,Uzbekistan,2018,79955,UZ,41.377491,64.585262
1900,Vanuatu,2008,5,VU,-15.376706,166.959158
1901,Vanuatu,2009,4,VU,-15.376706,166.959158
1902,Vanuatu,2010,4,VU,-15.376706,166.959158
1903,Vanuatu,2011,2,VU,-15.376706,166.959158
1904,Vanuatu,2012,2,VU,-15.376706,166.959158
1905,Vanuatu,2013,3,VU,-15.376706,166.959158
1906,Vanuatu,2014,1,VU,-15.376706,166.959158
1907,Vanuatu,2015,1,VU,-15.376706,166.959158
1908,Vanuatu,2018,0,VU,-15.376706,166.959158
1915,Venezuela (Bolivarian Republic of),2008,213097,,6.4238,66.5897
1916,Venezuela (Bolivarian Republic of),2009,215702,,6.4238,66.5897
1917,Venezuela (Bolivarian Republic of),2010,217406,,6.4238,66.5897
1918,Venezuela (Bolivarian Republic of),2011,219391,,6.4238,66.5897
1919,Venezuela (Bolivarian Republic of),2012,204560,,6.4238,66.5897
1920,Venezuela (Bolivarian Republic of),2013,205413,,6.4238,66.5897
1921,Venezuela (Bolivarian Republic of),2014,174027,,6.4238,66.5897
1922,Venezuela (Bolivarian Republic of),2015,175754,,6.4238,66.5897
1923,Venezuela (Bolivarian Republic of),2016,173111,,6.4238,66.5897
1924,Venezuela (Bolivarian Republic of),2017,123686,,6.4238,66.5897
1925,Venezuela (Bolivarian Republic of),2018,67395,,6.4238,66.5897
1926,Viet Nam,2008,9557,,14.0583,108.2772
1927,Viet Nam,2009,9557,,14.0583,108.2772
1928,Viet Nam,2010,12128,,14.0583,108.2772
1929,Viet Nam,2011,11190,,14.0583,108.2772
1930,Viet Nam,2012,11500,,14.0583,108.2772
1931,Viet Nam,2013,11000,,14.0583,108.2772
1932,Viet Nam,2014,11000,,14.0583,108.2772
1933,Viet Nam,2015,11000,,14.0583,108.2772
1934,Viet Nam,2016,11000,,14.0583,108.2772
1935,Viet Nam,2017,29522,,14.0583,108.2772
1936,Viet Nam,2018,34110,,14.0583,108.2772
1937,Yemen,2008,241329,YE,15.552727,48.516388
1938,Yemen,2009,422588,YE,15.552727,48.516388
1939,Yemen,2010,508578,YE,15.552727,48.516388
1940,Yemen,2011,574698,YE,15.552727,48.516388
1941,Yemen,2012,736584,YE,15.552727,48.516388
1942,Yemen,2013,652061,YE,15.552727,48.516388
1943,Yemen,2014,688285,YE,15.552727,48.516388
1944,Yemen,2015,2835816,YE,15.552727,48.516388
1945,Yemen,2016,3280276,YE,15.552727,48.516388
1946,Yemen,2017,2419782,YE,15.552727,48.516388
1947,Yemen,2018,2551486,YE,15.552727,48.516388
1948,Zambia,2008,93665,ZM,-13.133897,27.849332
1949,Zambia,2009,76190,ZM,-13.133897,27.849332
1950,Zambia,2010,57869,ZM,-13.133897,27.849332
1951,Zambia,2011,49101,ZM,-13.133897,27.849332
1952,Zambia,2012,51509,ZM,-13.133897,27.849332
1953,Zambia,2013,54326,ZM,-13.133897,27.849332
1954,Zambia,2014,51856,ZM,-13.133897,27.849332
1955,Zambia,2015,52599,ZM,-13.133897,27.849332
1956,Zambia,2016,57237,ZM,-13.133897,27.849332
1957,Zambia,2017,68336,ZM,-13.133897,27.849332
1958,Zambia,2018,76016,ZM,-13.133897,27.849332
1959,Zimbabwe,2008,4038,ZW,-19.015438,29.154857
1960,Zimbabwe,2009,4640,ZW,-19.015438,29.154857
1961,Zimbabwe,2010,4851,ZW,-19.015438,29.154857
1962,Zimbabwe,2011,59667,ZW,-19.015438,29.154857
1963,Zimbabwe,2012,62740,ZW,-19.015438,29.154857
1964,Zimbabwe,2013,67108,ZW,-19.015438,29.154857
1965,Zimbabwe,2014,9171,ZW,-19.015438,29.154857
1966,Zimbabwe,2015,310593,ZW,-19.015438,29.154857
1967,Zimbabwe,2016,10058,ZW,-19.015438,29.154857
1968,Zimbabwe,2017,18863,ZW,-19.015438,29.154857
1969,Zimbabwe,2018,18878,ZW,-19.015438,29.154857